latitude,longitude,brightness,scan,track,acq_date,acq_time,satellite,confidence,version,bright_t31,frp,daynight
-13.505,-172.586,310.6,3.8,1.8,2018-09-22,0035,A,0,6.0NRT,294,39.7,D
-0.38,-160.008,310.7,2,1.4,2018-09-22,0035,A,39,6.0NRT,298,18,D
-4.093,145.066,312.7,1.4,1.2,2018-09-22,0100,T,0,6.0NRT,297.4,14,D
-5.938,147.053,314,2.1,1.4,2018-09-22,0100,T,0,6.0NRT,295.7,17,D
-6.935,146.309,314.9,1.9,1.3,2018-09-22,0100,T,74,6.0NRT,292.2,21.6,D
-6.937,146.325,311.3,1.9,1.3,2018-09-22,0100,T,66,6.0NRT,293.1,13.8,D
-11.031,142.276,325.4,1.1,1.1,2018-09-22,0100,T,77,6.0NRT,293.2,18.6,D
-11.042,142.285,318,1.1,1.1,2018-09-22,0100,T,55,6.0NRT,291.6,10.1,D
-11.303,142.562,319.6,1.2,1.1,2018-09-22,0100,T,71,6.0NRT,292.5,15.4,D
-11.399,142.285,325.6,1.2,1.1,2018-09-22,0100,T,79,6.0NRT,298.7,16.3,D
-11.401,142.296,320.7,1.2,1.1,2018-09-22,0100,T,62,6.0NRT,297.4,10.3,D
-11.392,142.159,321.1,1.1,1.1,2018-09-22,0100,T,65,6.0NRT,300.1,10.1,D
-11.911,142.237,326.9,1.2,1.1,2018-09-22,0100,T,63,6.0NRT,299.5,16.7,D
-11.912,142.247,324.4,1.2,1.1,2018-09-22,0100,T,58,6.0NRT,298.4,14.1,D
-11.934,142.331,327.8,1.2,1.1,2018-09-22,0100,T,68,6.0NRT,299.1,21.6,D
-11.965,142.321,326.7,1.2,1.1,2018-09-22,0100,T,57,6.0NRT,300.7,20.4,D
-11.973,142.233,348.2,1.2,1.1,2018-09-22,0100,T,94,6.0NRT,300.9,59.1,D
-11.974,142.244,350.9,1.2,1.1,2018-09-22,0100,T,95,6.0NRT,300.8,66,D
-11.976,142.254,322.8,1.2,1.1,2018-09-22,0100,T,52,6.0NRT,297.7,9.9,D
-11.984,142.242,333.9,1.2,1.1,2018-09-22,0100,T,85,6.0NRT,301,27.6,D
-12.003,142.1,337.9,1.1,1.1,2018-09-22,0100,T,73,6.0NRT,300.6,35.1,D
-12.004,142.082,323.9,1.1,1.1,2018-09-22,0100,T,74,6.0NRT,301.7,15.4,D
-12.006,142.093,344.2,1.1,1.1,2018-09-22,0100,T,92,6.0NRT,301.9,51.5,D
-12.014,142.081,335.6,1.1,1.1,2018-09-22,0100,T,86,6.0NRT,299.5,32.9,D
-12.015,142.092,345.4,1.1,1.1,2018-09-22,0100,T,92,6.0NRT,299.7,53.6,D
-12.327,141.86,321.2,1.1,1.1,2018-09-22,0100,T,51,6.0NRT,297.8,7.9,D
-12.531,142.361,327,1.2,1.1,2018-09-22,0100,T,71,6.0NRT,304.4,17.6,D
-12.532,142.372,323.3,1.2,1.1,2018-09-22,0100,T,24,6.0NRT,303.2,12.1,D
-12.524,141.958,328.2,1.1,1.1,2018-09-22,0100,T,71,6.0NRT,303.3,14.6,D
-12.618,142.398,323.8,1.2,1.1,2018-09-22,0100,T,71,6.0NRT,301,13.1,D
-12.619,142.409,321.9,1.2,1.1,2018-09-22,0100,T,64,6.0NRT,299.4,11.1,D
-12.629,142.408,328.8,1.2,1.1,2018-09-22,0100,T,71,6.0NRT,300.4,19.6,D
-12.647,142.394,332.1,1.2,1.1,2018-09-22,0100,T,82,6.0NRT,299.8,27,D
-12.809,143.062,317.6,1.3,1.1,2018-09-22,0100,T,46,6.0NRT,293.8,13.7,D
-12.826,143.035,321.2,1.3,1.1,2018-09-22,0100,T,68,6.0NRT,295,19.4,D
-12.757,142.003,325.9,1.2,1.1,2018-09-22,0100,T,74,6.0NRT,303.7,12.1,D
-13.002,143.06,317,1.3,1.1,2018-09-22,0100,T,39,6.0NRT,296.8,13.1,D
-13.063,142.984,320,1.3,1.1,2018-09-22,0100,T,57,6.0NRT,299,14.4,D
-12.212,136.424,353.1,1.3,1.1,2018-09-22,0100,T,97,6.0NRT,304.4,77.2,D
-12.214,136.435,380.7,1.3,1.1,2018-09-22,0100,T,100,6.0NRT,309.1,202.2,D
-12.215,136.447,330.9,1.3,1.1,2018-09-22,0100,T,80,6.0NRT,305.4,18.6,D
-12.087,135.517,323.2,1.5,1.2,2018-09-22,0100,T,43,6.0NRT,303.4,16.3,D
-12.236,136.444,328.1,1.3,1.1,2018-09-22,0100,T,74,6.0NRT,307.3,12,D
-12.258,136.452,337,1.3,1.1,2018-09-22,0100,T,88,6.0NRT,307.3,29.7,D
-12.259,136.464,328.8,1.3,1.1,2018-09-22,0100,T,68,6.0NRT,304.6,14.2,D
-12.346,136.69,325.6,1.2,1.1,2018-09-22,0100,T,59,6.0NRT,305.3,9,D
-12.348,136.701,330.3,1.2,1.1,2018-09-22,0100,T,74,6.0NRT,305.9,16.2,D
-13.131,141.765,328.2,1.1,1.1,2018-09-22,0100,T,77,6.0NRT,304.3,13.8,D
-12.075,134.384,319.5,1.8,1.3,2018-09-22,0100,T,42,6.0NRT,300.3,13.9,D
-13.233,141.766,325.9,1.1,1.1,2018-09-22,0100,T,67,6.0NRT,301.8,11.6,D
-13.442,143.16,321.2,1.4,1.2,2018-09-22,0100,T,49,6.0NRT,300.7,13.5,D
-13.443,143.173,320.9,1.4,1.2,2018-09-22,0100,T,38,6.0NRT,301.8,12.4,D
-12.341,135.511,328.6,1.5,1.2,2018-09-22,0100,T,37,6.0NRT,308.3,17.1,D
-12.381,135.76,335.9,1.4,1.2,2018-09-22,0100,T,82,6.0NRT,307.3,33.1,D
-12.383,135.773,331.7,1.4,1.2,2018-09-22,0100,T,72,6.0NRT,307.6,22.9,D
-12.388,135.732,336.4,1.4,1.2,2018-09-22,0100,T,83,6.0NRT,307.3,36.1,D
-12.39,135.745,349.4,1.4,1.2,2018-09-22,0100,T,93,6.0NRT,309.8,74,D
-12.394,135.771,345.6,1.4,1.2,2018-09-22,0100,T,91,6.0NRT,310,60.1,D
-13.49,143.205,322.8,1.4,1.2,2018-09-22,0100,T,55,6.0NRT,301.2,16.4,D
-13.492,143.218,331.8,1.4,1.2,2018-09-22,0100,T,81,6.0NRT,301.5,34.3,D
-13.493,143.231,321.3,1.4,1.2,2018-09-22,0100,T,39,6.0NRT,300,14.3,D
-12.402,135.756,330.3,1.4,1.2,2018-09-22,0100,T,50,6.0NRT,309,20.5,D
-13.5,143.204,320.6,1.4,1.2,2018-09-22,0100,T,42,6.0NRT,299.6,13.2,D
-12.415,135.768,345.5,1.4,1.2,2018-09-22,0100,T,91,6.0NRT,309.8,60,D
-12.417,135.781,330.1,1.4,1.2,2018-09-22,0100,T,55,6.0NRT,309.4,19.8,D
-12.419,135.793,324.6,1.4,1.2,2018-09-22,0100,T,29,6.0NRT,307.6,9.3,D
-12.241,134.546,327.2,1.7,1.3,2018-09-22,0100,T,68,6.0NRT,304.4,22.6,D
-12.244,134.562,327.8,1.7,1.3,2018-09-22,0100,T,72,6.0NRT,303.9,24.7,D
-12.24,134.556,333,1.7,1.3,2018-09-22,0100,T,79,6.0NRT,303.5,41,D
-12.46,135.807,325.7,1.4,1.2,2018-09-22,0100,T,65,6.0NRT,308,12.3,D
-12.462,135.819,356.3,1.4,1.2,2018-09-22,0100,T,98,6.0NRT,309.1,98.7,D
-12.271,134.599,323.3,1.7,1.3,2018-09-22,0100,T,43,6.0NRT,303.9,16.1,D
-12.474,135.83,324.6,1.4,1.2,2018-09-22,0100,T,58,6.0NRT,307.9,10.8,D
-12.421,135.436,334.9,1.5,1.2,2018-09-22,0100,T,81,6.0NRT,310.3,33.1,D
-12.423,135.45,332.2,1.5,1.2,2018-09-22,0100,T,78,6.0NRT,309,26.5,D
-12.429,135.421,331.3,1.5,1.2,2018-09-22,0100,T,77,6.0NRT,309.3,26.1,D
-12.432,135.434,333.3,1.5,1.2,2018-09-22,0100,T,79,6.0NRT,309.3,30.5,D
-12.362,134.941,361.2,1.6,1.2,2018-09-22,0100,T,100,6.0NRT,307.9,147.1,D
-12.365,134.955,346.2,1.6,1.2,2018-09-22,0100,T,91,6.0NRT,307.8,76.1,D
-12.373,134.939,341,1.6,1.2,2018-09-22,0100,T,87,6.0NRT,307.5,56.4,D
-12.376,134.954,342.3,1.6,1.2,2018-09-22,0100,T,88,6.0NRT,307.7,60.3,D
-12.336,134.636,328.2,1.7,1.3,2018-09-22,0100,T,72,6.0NRT,305.5,27.6,D
-12.344,134.628,326,1.7,1.3,2018-09-22,0100,T,63,6.0NRT,304.4,23,D
-12.622,136.24,333.1,1.3,1.1,2018-09-22,0100,T,78,6.0NRT,308.1,27.2,D
-12.6,135.842,326.3,1.4,1.2,2018-09-22,0100,T,60,6.0NRT,305.3,15.3,D
-12.602,135.854,330.1,1.4,1.2,2018-09-22,0100,T,74,6.0NRT,306.1,22.8,D
-12.611,135.84,327.7,1.4,1.2,2018-09-22,0100,T,64,6.0NRT,306.1,17.3,D
-12.613,135.852,336.8,1.4,1.2,2018-09-22,0100,T,83,6.0NRT,307.7,37.1,D
-12.625,135.863,348.2,1.4,1.2,2018-09-22,0100,T,92,6.0NRT,308.3,68.5,D
-12.627,135.876,358.3,1.4,1.2,2018-09-22,0100,T,99,6.0NRT,309.1,104.9,D
-12.638,135.874,352,1.4,1.2,2018-09-22,0100,T,95,6.0NRT,310.2,80.3,D
-12.695,136.24,332.5,1.3,1.1,2018-09-22,0100,T,77,6.0NRT,306.8,24.9,D
-12.697,136.252,326.2,1.3,1.1,2018-09-22,0100,T,65,6.0NRT,308.2,13.1,D
-12.633,135.869,367.9,1.4,1.2,2018-09-22,0100,T,100,6.0NRT,311.6,148.2,D
-12.635,135.882,336.2,1.4,1.2,2018-09-22,0100,T,82,6.0NRT,308.8,32.8,D
-12.695,136.247,329.6,1.3,1.1,2018-09-22,0100,T,73,6.0NRT,307.7,18.6,D
-12.656,135.878,331.8,1.4,1.2,2018-09-22,0100,T,77,6.0NRT,310.3,23.2,D
-12.658,135.891,343.9,1.4,1.2,2018-09-22,0100,T,89,6.0NRT,309.1,53.3,D
-12.432,134.247,325.6,1.8,1.3,2018-09-22,0100,T,63,6.0NRT,305.1,18.6,D
-12.626,135.431,328.5,1.5,1.2,2018-09-22,0100,T,57,6.0NRT,308.5,16.2,D
-12.629,135.444,354.9,1.5,1.2,2018-09-22,0100,T,97,6.0NRT,311.1,98,D
-12.641,135.456,347.3,1.5,1.2,2018-09-22,0100,T,92,6.0NRT,309.5,65.9,D
-12.644,135.469,337.4,1.5,1.2,2018-09-22,0100,T,84,6.0NRT,310.7,36.3,D
-12.646,135.483,328.9,1.5,1.2,2018-09-22,0100,T,55,6.0NRT,310,17,D
-12.658,135.494,345.8,1.5,1.2,2018-09-22,0100,T,91,6.0NRT,309.7,63.7,D
-12.661,135.507,330.5,1.5,1.2,2018-09-22,0100,T,67,6.0NRT,309.4,20.6,D
-12.662,135.487,328.7,1.5,1.2,2018-09-22,0100,T,71,6.0NRT,308.4,18,D
-12.664,135.5,339.8,1.5,1.2,2018-09-22,0100,T,86,6.0NRT,310,44.5,D
-12.728,135.821,345.5,1.4,1.2,2018-09-22,0100,T,91,6.0NRT,309.9,60.9,D
-12.73,135.834,332,1.4,1.2,2018-09-22,0100,T,77,6.0NRT,310.1,25.2,D
-13.824,143.123,320.3,1.4,1.2,2018-09-22,0100,T,60,6.0NRT,300.9,12.7,D
-12.239,132.642,320.5,2.4,1.5,2018-09-22,0100,T,23,6.0NRT,301.1,24.6,D
-12.243,132.664,330.8,2.4,1.5,2018-09-22,0100,T,77,6.0NRT,301.4,66.1,D
-12.59,134.308,324.5,1.8,1.3,2018-09-22,0100,T,63,6.0NRT,307,18.1,D
-12.825,135.721,329.4,1.4,1.2,2018-09-22,0100,T,68,6.0NRT,309.8,20.2,D
-12.728,135.061,328.3,1.6,1.2,2018-09-22,0100,T,46,6.0NRT,307.4,16.1,D
-12.928,136.292,330.8,1.3,1.1,2018-09-22,0100,T,74,6.0NRT,307.4,23,D
-12.739,135.059,331.5,1.6,1.2,2018-09-22,0100,T,47,6.0NRT,309.9,24.5,D
-12.64,134.316,328.5,1.8,1.3,2018-09-22,0100,T,70,6.0NRT,306.5,29.4,D
-12.938,136.157,371.6,1.3,1.1,2018-09-22,0100,T,100,6.0NRT,309.2,158.8,D
-12.94,136.169,338.6,1.3,1.1,2018-09-22,0100,T,84,6.0NRT,308.1,39.8,D
-12.948,136.156,340.3,1.3,1.1,2018-09-22,0100,T,86,6.0NRT,307.3,43.2,D
-12.95,136.168,363.3,1.3,1.1,2018-09-22,0100,T,100,6.0NRT,309.5,118.5,D
-12.952,136.179,333.2,1.3,1.1,2018-09-22,0100,T,78,6.0NRT,307.1,26.7,D
-12.792,135.108,328.5,1.5,1.2,2018-09-22,0100,T,66,6.0NRT,309.8,21.5,D
-12.96,136.166,355.4,1.3,1.1,2018-09-22,0100,T,97,6.0NRT,309.4,86,D
-12.962,136.178,345.6,1.3,1.1,2018-09-22,0100,T,90,6.0NRT,307.9,55.5,D
-12.647,134.308,324.9,1.8,1.3,2018-09-22,0100,T,34,6.0NRT,305.4,20.1,D
-12.957,136.16,341.6,1.3,1.1,2018-09-22,0100,T,87,6.0NRT,308.6,43.2,D
-12.959,136.172,359.1,1.3,1.1,2018-09-22,0100,T,99,6.0NRT,310.3,100.8,D
-12.961,136.184,325.9,1.3,1.1,2018-09-22,0100,T,41,6.0NRT,306.2,14.3,D
-12.795,135.115,330.6,1.5,1.2,2018-09-22,0100,T,75,6.0NRT,308.5,25.3,D
-12.806,135.113,336.4,1.5,1.2,2018-09-22,0100,T,83,6.0NRT,311.8,40.7,D
-12.808,135.127,332.9,1.5,1.2,2018-09-22,0100,T,79,6.0NRT,308.1,29.7,D
-12.813,135.156,374.5,1.5,1.2,2018-09-22,0100,T,100,6.0NRT,314.7,215.2,D
-12.815,135.17,345.6,1.5,1.2,2018-09-22,0100,T,91,6.0NRT,311.3,69.5,D
-12.982,136.18,363,1.3,1.1,2018-09-22,0100,T,100,6.0NRT,311,115.9,D
-12.983,136.192,340.9,1.3,1.1,2018-09-22,0100,T,87,6.0NRT,308.5,43.8,D
-12.665,134.205,320.9,1.8,1.3,2018-09-22,0100,T,42,6.0NRT,305.4,14.4,D
-12.668,134.222,323.7,1.8,1.3,2018-09-22,0100,T,60,6.0NRT,306.8,19.9,D
-12.671,134.238,326.6,1.8,1.3,2018-09-22,0100,T,69,6.0NRT,306,26.3,D
-12.824,135.154,343.5,1.5,1.2,2018-09-22,0100,T,89,6.0NRT,313.6,61,D
-12.826,135.168,355.4,1.5,1.2,2018-09-22,0100,T,97,6.0NRT,313.2,108.1,D
-12.994,136.19,328.3,1.3,1.1,2018-09-22,0100,T,45,6.0NRT,308.2,17.8,D
-12.837,135.166,331.8,1.5,1.2,2018-09-22,0100,T,77,6.0NRT,312,28.3,D
-13.042,136.363,331.3,1.3,1.1,2018-09-22,0100,T,54,6.0NRT,305.6,23.6,D
-13.044,136.374,332,1.3,1.1,2018-09-22,0100,T,65,6.0NRT,306.3,23.5,D
-12.861,135.176,335.4,1.5,1.2,2018-09-22,0100,T,67,6.0NRT,311.8,32.6,D
-12.864,135.19,337.3,1.5,1.2,2018-09-22,0100,T,75,6.0NRT,310.1,39.3,D
-13.056,136.384,326.2,1.3,1.1,2018-09-22,0100,T,51,6.0NRT,307.4,14.5,D
-12.404,132.369,327.8,2.5,1.5,2018-09-22,0100,T,50,6.0NRT,305.5,52.3,D
-12.874,135.188,346,1.5,1.2,2018-09-22,0100,T,91,6.0NRT,312.4,69,D
-13.066,136.382,324.2,1.3,1.1,2018-09-22,0100,T,30,6.0NRT,307.2,11.8,D
-12.417,132.366,324.3,2.5,1.5,2018-09-22,0100,T,50,6.0NRT,305.6,35.6,D
-12.885,135.186,333,1.5,1.2,2018-09-22,0100,T,70,6.0NRT,310.8,28.1,D
-12.397,132.364,324.7,2.5,1.5,2018-09-22,0100,T,36,6.0NRT,303.6,36.9,D
-12.924,135.202,333.9,1.5,1.2,2018-09-22,0100,T,80,6.0NRT,311.3,32.9,D
-12.927,135.216,343,1.5,1.2,2018-09-22,0100,T,89,6.0NRT,310.2,60.4,D
-12.937,135.214,338.9,1.5,1.2,2018-09-22,0100,T,85,6.0NRT,311,47.8,D
-13.069,136.024,325.6,1.3,1.1,2018-09-22,0100,T,58,6.0NRT,307.9,14.6,D
-13.08,136.023,331.6,1.3,1.1,2018-09-22,0100,T,76,6.0NRT,308.3,25.7,D
-13.088,136.009,328.7,1.3,1.1,2018-09-22,0100,T,55,6.0NRT,307.5,21.8,D
-12.644,132.851,325.3,2.3,1.5,2018-09-22,0100,T,66,6.0NRT,307,28.2,D
-13.997,141.528,323.6,1.1,1.1,2018-09-22,0100,T,37,6.0NRT,296.2,12.4,D
-13.998,141.538,359,1.1,1.1,2018-09-22,0100,T,93,6.0NRT,300.6,86.3,D
-12.657,132.849,343,2.3,1.5,2018-09-22,0100,T,89,6.0NRT,306.1,112.3,D
-12.661,132.87,334.2,2.3,1.5,2018-09-22,0100,T,82,6.0NRT,306.4,62.7,D
-14.008,141.537,364.2,1.1,1.1,2018-09-22,0100,T,75,6.0NRT,302.4,101.1,D
-14.009,141.548,334.9,1.1,1.1,2018-09-22,0100,T,78,6.0NRT,301.7,24.7,D
-14.042,141.575,346.2,1.1,1.1,2018-09-22,0100,T,0,6.0NRT,303.9,46.2,N
-14.043,141.585,344.3,1.1,1.1,2018-09-22,0100,T,69,6.0NRT,304.8,40.9,N
-14.051,141.638,337.3,1.1,1.1,2018-09-22,0100,T,64,6.0NRT,305.9,24.7,N
-14.052,141.648,329.7,1.1,1.1,2018-09-22,0100,T,54,6.0NRT,304.7,12.5,N
27.239,140.88,310.4,2.4,1.5,2018-09-22,0050,T,36,6.0NRT,298,20.5,D
-14.047,141.579,369.1,1.1,1.1,2018-09-22,0105,T,99,6.0NRT,306.5,0,D
-14.056,141.642,332.7,1.1,1.1,2018-09-22,0105,T,52,6.0NRT,305.1,17.2,D
-14.058,141.588,336.3,1.1,1.1,2018-09-22,0105,T,63,6.0NRT,304,24.6,D
-13.234,135.77,327.6,1.4,1.2,2018-09-22,0105,T,70,6.0NRT,309.5,16.4,D
-13.353,134.176,324.7,1.8,1.3,2018-09-22,0105,T,65,6.0NRT,306.7,20.9,D
-13.356,134.192,324.7,1.8,1.3,2018-09-22,0105,T,65,6.0NRT,306.7,20.1,D
-14.55,141.837,338.5,1.2,1.1,2018-09-22,0105,T,85,6.0NRT,304.9,33.9,D
-14.552,141.848,342.2,1.2,1.1,2018-09-22,0105,T,88,6.0NRT,304.8,42,D
-14.555,141.87,327.5,1.2,1.1,2018-09-22,0105,T,61,6.0NRT,303.9,15.4,D
-14.556,141.803,352.4,1.2,1.1,2018-09-22,0105,T,95,6.0NRT,306,67.2,D
-14.557,141.814,342.6,1.2,1.1,2018-09-22,0105,T,89,6.0NRT,306.4,41.9,D
-14.563,141.857,341.5,1.2,1.1,2018-09-22,0105,T,88,6.0NRT,305.5,39.1,D
-14.564,141.868,341,1.2,1.1,2018-09-22,0105,T,87,6.0NRT,306.4,38.6,D
-14.566,141.879,332,1.2,1.1,2018-09-22,0105,T,66,6.0NRT,304.9,22.2,D
-14.573,141.856,333.5,1.2,1.1,2018-09-22,0105,T,80,6.0NRT,306.5,21.8,D
-14.576,141.878,326.3,1.2,1.1,2018-09-22,0105,T,38,6.0NRT,306.2,12.4,D
-14.577,141.889,329.4,1.2,1.1,2018-09-22,0105,T,75,6.0NRT,304,17.8,D
-14.585,141.877,334.7,1.2,1.1,2018-09-22,0105,T,82,6.0NRT,307.2,24.4,D
-14.587,141.888,333.1,1.2,1.1,2018-09-22,0105,T,75,6.0NRT,306.2,22,D
-14.595,141.875,361.2,1.2,1.1,2018-09-22,0105,T,100,6.0NRT,307.2,92.4,D
-14.597,141.886,353.8,1.2,1.1,2018-09-22,0105,T,96,6.0NRT,308.9,68.9,D
-13.861,136.751,324.5,1.2,1.1,2018-09-22,0105,T,56,6.0NRT,306.3,12.3,D
-13.786,136.213,326.9,1.3,1.1,2018-09-22,0105,T,64,6.0NRT,307.8,17.8,D
-14.621,141.849,333.2,1.2,1.1,2018-09-22,0105,T,80,6.0NRT,306.9,19.1,D
-13.853,136.499,336.5,1.2,1.1,2018-09-22,0105,T,82,6.0NRT,306.3,32.8,D
-13.855,136.51,331.2,1.2,1.1,2018-09-22,0105,T,73,6.0NRT,306.1,21.5,D
-13.942,136.62,332,1.2,1.1,2018-09-22,0105,T,77,6.0NRT,306.1,21.9,D
-13.967,136.632,324.9,1.2,1.1,2018-09-22,0105,T,37,6.0NRT,306.9,11.7,D
-13.968,136.643,334.5,1.2,1.1,2018-09-22,0105,T,80,6.0NRT,306.4,27.9,D
-13.978,136.641,324,1.2,1.1,2018-09-22,0105,T,27,6.0NRT,306.5,11.2,D
-14.025,136.623,333.3,1.2,1.1,2018-09-22,0105,T,62,6.0NRT,308.5,22.6,D
-14.043,136.609,333.3,1.2,1.1,2018-09-22,0105,T,72,6.0NRT,308.8,22,D
-14.046,136.613,328.1,1.2,1.1,2018-09-22,0105,T,69,6.0NRT,307.6,16.2,D
-14.06,136.577,333.3,1.2,1.1,2018-09-22,0105,T,78,6.0NRT,307.9,24.3,D
-13.72,134.233,326.4,1.7,1.3,2018-09-22,0105,T,68,6.0NRT,308.9,21.8,D
-15.3,145.141,328.6,2,1.4,2018-09-22,0105,T,78,6.0NRT,294.2,64.5,D
-15.296,144.897,316.4,1.9,1.4,2018-09-22,0105,T,20,6.0NRT,297.9,18.5,D
-15.298,144.915,324.4,2,1.4,2018-09-22,0105,T,72,6.0NRT,297.1,40,D
-15.319,144.986,325.9,2,1.4,2018-09-22,0105,T,62,6.0NRT,296.8,45.8,D
-15.321,145.004,320,2,1.4,2018-09-22,0105,T,42,6.0NRT,295,30.5,D
-15.303,144.926,318.8,2,1.4,2018-09-22,0105,T,36,6.0NRT,295.6,24.8,D
-15.324,144.997,324.2,2,1.4,2018-09-22,0105,T,71,6.0NRT,295.7,45.5,D
-15.06,142.768,328.3,1.4,1.2,2018-09-22,0105,T,74,6.0NRT,306.6,21.4,D
-15.061,142.78,330.3,1.4,1.2,2018-09-22,0105,T,77,6.0NRT,306.3,24,D
-15.063,142.793,326.7,1.4,1.2,2018-09-22,0105,T,61,6.0NRT,306.4,15.8,D
-15.095,142.712,322.6,1.4,1.2,2018-09-22,0105,T,44,6.0NRT,306.4,10,D
-15.302,143.957,325,1.7,1.3,2018-09-22,0105,T,66,6.0NRT,304.4,20.5,D
-15.304,143.972,324,1.7,1.3,2018-09-22,0105,T,37,6.0NRT,304.2,17.2,D
-15.328,143.985,343.3,1.7,1.3,2018-09-22,0105,T,90,6.0NRT,303.9,75.9,D
-15.33,144,362,1.7,1.3,2018-09-22,0105,T,100,6.0NRT,308.7,165.4,D
-15.332,144.016,335.7,1.7,1.3,2018-09-22,0105,T,84,6.0NRT,308,48.2,D
-15.342,143.999,327.1,1.7,1.3,2018-09-22,0105,T,61,6.0NRT,306.4,26.8,D
-15.346,144.03,330.3,1.7,1.3,2018-09-22,0105,T,75,6.0NRT,306.9,33.8,D
-15.353,143.997,325.6,1.7,1.3,2018-09-22,0105,T,65,6.0NRT,303.6,23.7,D
-15.355,144.013,346,1.7,1.3,2018-09-22,0105,T,92,6.0NRT,306.1,87.7,D
-15.357,144.028,325.7,1.7,1.3,2018-09-22,0105,T,45,6.0NRT,304.3,22.9,D
-15.73,145.036,323.8,2,1.4,2018-09-22,0105,T,66,6.0NRT,299.3,39.1,D
-13.575,130.686,321.9,3.2,1.7,2018-09-22,0105,T,58,6.0NRT,306.9,34.9,D
-14.209,132.776,329,2.2,1.4,2018-09-22,0105,T,74,6.0NRT,307.9,41.7,D
-13.949,130.534,323.2,3.2,1.7,2018-09-22,0105,T,46,6.0NRT,307.2,38.3,D
-13.954,130.563,323.7,3.2,1.7,2018-09-22,0105,T,47,6.0NRT,308.4,38,D
-13.951,130.558,325.3,3.2,1.7,2018-09-22,0105,T,67,6.0NRT,308.5,52.1,D
-15.533,135.734,333.8,1.3,1.1,2018-09-22,0105,T,80,6.0NRT,302.9,35.1,D
-15.535,135.746,331.9,1.3,1.1,2018-09-22,0105,T,77,6.0NRT,303.9,30.9,D
-15.543,135.793,351.9,1.3,1.1,2018-09-22,0105,T,95,6.0NRT,310,74.1,D
-15.544,135.805,371,1.3,1.1,2018-09-22,0105,T,100,6.0NRT,318.4,147.6,D
-15.546,135.816,351.6,1.3,1.1,2018-09-22,0105,T,95,6.0NRT,316.2,71.8,D
-15.548,135.828,337.9,1.3,1.1,2018-09-22,0105,T,78,6.0NRT,313.5,33.7,D
-15.545,135.745,373.8,1.3,1.1,2018-09-22,0105,T,100,6.0NRT,307.3,168.6,D
-15.547,135.756,350.6,1.3,1.1,2018-09-22,0105,T,94,6.0NRT,305.2,73.4,D
-15.549,135.768,328.6,1.3,1.1,2018-09-22,0105,T,63,6.0NRT,302.9,20.9,D
-15.551,135.78,328.2,1.3,1.1,2018-09-22,0105,T,49,6.0NRT,303.1,18.3,D
-15.553,135.791,341.9,1.3,1.1,2018-09-22,0105,T,88,6.0NRT,306.3,44,D
-15.554,135.803,405.6,1.3,1.1,2018-09-22,0105,T,100,6.0NRT,318.9,381.3,D
-15.556,135.815,418.9,1.3,1.1,2018-09-22,0105,T,100,6.0NRT,330,517,D
-15.558,135.826,359.9,1.3,1.1,2018-09-22,0105,T,99,6.0NRT,322.2,94.8,D
-15.56,135.838,346,1.3,1.1,2018-09-22,0105,T,90,6.0NRT,317.3,51.2,D
-15.559,135.766,356.6,1.3,1.1,2018-09-22,0105,T,98,6.0NRT,310.3,90.5,D
-15.561,135.778,343.8,1.3,1.1,2018-09-22,0105,T,89,6.0NRT,309.8,49.2,D
-15.563,135.79,348.1,1.3,1.1,2018-09-22,0105,T,92,6.0NRT,310.4,56.6,D
-15.564,135.801,345.8,1.3,1.1,2018-09-22,0105,T,91,6.0NRT,310.2,51,D
-15.566,135.813,354.5,1.3,1.1,2018-09-22,0105,T,96,6.0NRT,310.2,73.9,D
-15.568,135.825,382.4,1.3,1.1,2018-09-22,0105,T,100,6.0NRT,314.2,200.4,D
-15.57,135.836,355.9,1.3,1.1,2018-09-22,0105,T,97,6.0NRT,315.3,79.3,D
-15.572,135.848,332.4,1.3,1.1,2018-09-22,0105,T,46,6.0NRT,313.4,19.6,D
-15.574,135.859,345.8,1.2,1.1,2018-09-22,0105,T,85,6.0NRT,314,48.4,D
-15.558,135.694,362.7,1.3,1.1,2018-09-22,0105,T,100,6.0NRT,310.8,117.5,D
-15.559,135.706,415.3,1.3,1.1,2018-09-22,0105,T,100,6.0NRT,324.7,492.4,D
-15.561,135.718,347.9,1.3,1.1,2018-09-22,0105,T,92,6.0NRT,314.7,62.2,D
-15.571,135.776,340.5,1.3,1.1,2018-09-22,0105,T,65,6.0NRT,312.1,34.9,D
-15.572,135.788,332.8,1.3,1.1,2018-09-22,0105,T,49,6.0NRT,312.2,16.3,D
-15.558,135.7,391.7,1.3,1.1,2018-09-22,0105,T,100,6.0NRT,319.9,270.6,D
-15.56,135.712,379.2,1.3,1.1,2018-09-22,0105,T,100,6.0NRT,319.7,188,D
-15.569,135.77,338,1.3,1.1,2018-09-22,0105,T,66,6.0NRT,311.6,26.7,D
-15.571,135.782,337.7,1.3,1.1,2018-09-22,0105,T,83,6.0NRT,312.2,26,D
-15.573,135.794,327.3,1.3,1.1,2018-09-22,0105,T,15,6.0NRT,311.9,6.9,D
-15.568,135.698,343.2,1.3,1.1,2018-09-22,0105,T,78,6.0NRT,312.1,41,D
-15.57,135.71,355,1.3,1.1,2018-09-22,0105,T,97,6.0NRT,313.6,75,D
-15.572,135.722,342.9,1.3,1.1,2018-09-22,0105,T,73,6.0NRT,314.4,40.1,D
-15.598,135.884,372.9,1.2,1.1,2018-09-22,0105,T,100,6.0NRT,318.5,145,D
-15.6,135.896,359.7,1.2,1.1,2018-09-22,0105,T,99,6.0NRT,316,89.1,D
-15.582,135.72,336,1.3,1.1,2018-09-22,0105,T,47,6.0NRT,312.6,22.3,D
-15.61,135.894,336,1.2,1.1,2018-09-22,0105,T,51,6.0NRT,314.5,22.1,D
-15.616,135.928,333.9,1.2,1.1,2018-09-22,0105,T,57,6.0NRT,312.8,21.6,D
-15.596,135.742,338.7,1.3,1.1,2018-09-22,0105,T,68,6.0NRT,314.3,26.8,D
-15.598,135.754,339.1,1.3,1.1,2018-09-22,0105,T,56,6.0NRT,315.8,25.8,D
-15.599,135.765,341.4,1.3,1.1,2018-09-22,0105,T,77,6.0NRT,316.4,29.7,D
-15.603,135.788,352.4,1.3,1.1,2018-09-22,0105,T,95,6.0NRT,316.5,61.9,D
-15.605,135.8,355.1,1.3,1.1,2018-09-22,0105,T,97,6.0NRT,317.3,70.2,D
-15.626,135.927,331.5,1.2,1.1,2018-09-22,0105,T,65,6.0NRT,316.1,16.4,D
-15.592,135.658,382.4,1.3,1.1,2018-09-22,0105,T,100,6.0NRT,317.6,208.6,D
-15.606,135.74,342.4,1.3,1.1,2018-09-22,0105,T,79,6.0NRT,313.9,38.4,D
-15.608,135.752,341.5,1.3,1.1,2018-09-22,0105,T,60,6.0NRT,314.2,33.7,D
-15.604,135.668,350.4,1.3,1.1,2018-09-22,0105,T,94,6.0NRT,313.6,58.1,D
-15.606,135.68,339.7,1.3,1.1,2018-09-22,0105,T,70,6.0NRT,315.5,27.2,D
-15.621,135.773,345,1.3,1.1,2018-09-22,0105,T,72,6.0NRT,316.4,41.5,D
-15.628,135.688,335.7,1.3,1.1,2018-09-22,0105,T,27,6.0NRT,315.5,19.8,D
-15.638,135.686,339.8,1.3,1.1,2018-09-22,0105,T,61,6.0NRT,315.2,28,D
-15.648,135.685,334.6,1.3,1.1,2018-09-22,0105,T,40,6.0NRT,316.1,19.3,D
-15.658,135.689,337.8,1.3,1.1,2018-09-22,0105,T,56,6.0NRT,315.2,28.8,D
-16.067,136.714,344,1.1,1.1,2018-09-22,0105,T,89,6.0NRT,314.8,37.1,D
-16.078,136.722,331.3,1.1,1.1,2018-09-22,0105,T,53,6.0NRT,314,13.9,D
-16.033,135.915,335.7,1.2,1.1,2018-09-22,0105,T,77,6.0NRT,314.6,21.8,D
-16.051,135.9,337.7,1.2,1.1,2018-09-22,0105,T,61,6.0NRT,314.6,25.5,D
-17.365,145.334,316,2.3,1.5,2018-09-22,0105,T,14,6.0NRT,295.9,29.5,D
-16.051,135.893,338.7,1.2,1.1,2018-09-22,0105,T,81,6.0NRT,312.8,28,D
-17.364,145.348,319.3,2.3,1.5,2018-09-22,0105,T,60,6.0NRT,294.7,42.8,D
-16.173,135.89,326.9,1.2,1.1,2018-09-22,0105,T,54,6.0NRT,312.9,10.3,D
-16.175,135.901,327.5,1.2,1.1,2018-09-22,0105,T,56,6.0NRT,313.9,10.6,D
-16.207,135.849,345.4,1.2,1.1,2018-09-22,0105,T,90,6.0NRT,311.9,50.2,D
-16.209,135.86,343.3,1.2,1.1,2018-09-22,0105,T,88,6.0NRT,315.3,44.7,D
-16.211,135.872,332.9,1.2,1.1,2018-09-22,0105,T,77,6.0NRT,315.7,22,D
-16.217,135.847,336.5,1.2,1.1,2018-09-22,0105,T,81,6.0NRT,311.2,30.1,D
-16.219,135.859,355.5,1.2,1.1,2018-09-22,0105,T,97,6.0NRT,314.5,78.3,D
-16.221,135.87,339.8,1.2,1.1,2018-09-22,0105,T,85,6.0NRT,314.5,35.6,D
-16.663,138.133,357.2,1,1,2018-09-22,0105,T,0,6.0NRT,308.8,64.3,D
-16.669,138.113,326,1,1,2018-09-22,0105,T,56,6.0NRT,307.4,10.1,D
-16.67,138.123,326.2,1,1,2018-09-22,0105,T,56,6.0NRT,307.3,9.9,D
-16.672,138.132,334.9,1,1,2018-09-22,0105,T,75,6.0NRT,305.9,21.5,D
-16.68,138.125,329,1,1,2018-09-22,0105,T,52,6.0NRT,307.2,13.1,D
-16.928,138.615,351.6,1,1,2018-09-22,0105,T,95,6.0NRT,308.5,49,D
-16.929,138.624,361.8,1,1,2018-09-22,0105,T,100,6.0NRT,311.1,73.5,D
-16.937,138.617,344,1,1,2018-09-22,0105,T,89,6.0NRT,309.1,34.1,D
-16.939,138.626,347.3,1,1,2018-09-22,0105,T,91,6.0NRT,310.8,39.5,D
-16.946,138.673,328.6,1,1,2018-09-22,0105,T,37,6.0NRT,310.1,10.6,D
-17.01,138.672,337.3,1,1,2018-09-22,0105,T,82,6.0NRT,311.4,21.4,D
-17.011,138.682,338.9,1,1,2018-09-22,0105,T,84,6.0NRT,309.1,24.7,D
-16.758,136.843,326.2,1.1,1,2018-09-22,0105,T,39,6.0NRT,313.1,6.1,D
-16.789,136.796,338.7,1.1,1,2018-09-22,0105,T,84,6.0NRT,313.6,26.7,D
-16.79,136.806,344.2,1.1,1,2018-09-22,0105,T,89,6.0NRT,315.3,36.7,D
-16.792,136.817,328,1.1,1,2018-09-22,0105,T,34,6.0NRT,314.2,8.9,D
-15.91,130.794,331.8,2.8,1.6,2018-09-22,0105,T,77,6.0NRT,306.9,86.1,D
-17.236,138.771,331.7,1,1,2018-09-22,0105,T,73,6.0NRT,313.9,10.5,D
-17.237,138.781,330.6,1,1,2018-09-22,0105,T,70,6.0NRT,313.6,9.8,D
-15.912,130.787,331.1,2.8,1.6,2018-09-22,0105,T,78,6.0NRT,306.8,84.8,D
-15.916,130.812,326.3,2.8,1.6,2018-09-22,0105,T,70,6.0NRT,307.3,57.7,D
-15.931,130.81,321.7,2.8,1.6,2018-09-22,0105,T,25,6.0NRT,308.1,33.5,D
-16.881,135.577,325.7,1.2,1.1,2018-09-22,0105,T,55,6.0NRT,312.3,10.7,D
-16.891,135.575,327.8,1.2,1.1,2018-09-22,0105,T,58,6.0NRT,313.3,13.6,D
-16.129,130.808,331.1,2.8,1.6,2018-09-22,0105,T,78,6.0NRT,310.5,71.8,D
-16.144,130.805,361.1,2.8,1.6,2018-09-22,0105,T,100,6.0NRT,310.3,331.5,D
-16.148,130.831,332,2.8,1.6,2018-09-22,0105,T,79,6.0NRT,309.8,74.4,D
-16.213,130.76,328,2.8,1.6,2018-09-22,0105,T,74,6.0NRT,310.1,53.9,D
-16.217,130.785,323.3,2.8,1.6,2018-09-22,0105,T,35,6.0NRT,308.8,31.9,D
-15.7,127.923,343.3,4.6,2,2018-09-22,0105,T,90,6.0NRT,304,352.6,D
-15.709,127.969,323.7,4.6,2,2018-09-22,0105,T,40,6.0NRT,302.8,96.4,D
-16.182,130.435,334.5,3,1.6,2018-09-22,0105,T,79,6.0NRT,307.9,108.9,D
-16.187,130.463,330.6,2.9,1.6,2018-09-22,0105,T,41,6.0NRT,308.8,79.3,D
-15.726,127.966,323.2,4.6,2,2018-09-22,0105,T,35,6.0NRT,304.2,90.2,D
-16.197,130.432,343.7,3,1.6,2018-09-22,0105,T,90,6.0NRT,304.9,183.2,D
-16.202,130.46,358,2.9,1.6,2018-09-22,0105,T,99,6.0NRT,308.7,329.2,D
-16.207,130.488,327,2.9,1.6,2018-09-22,0105,T,40,6.0NRT,307.8,58.6,D
-16.275,130.696,325.9,2.8,1.6,2018-09-22,0105,T,27,6.0NRT,308.9,41.8,D
-16.182,130.428,328,3,1.6,2018-09-22,0105,T,52,6.0NRT,306.7,70.8,D
-16.187,130.455,332,2.9,1.6,2018-09-22,0105,T,62,6.0NRT,309.2,92.1,D
-15.698,127.914,339.4,4.6,2,2018-09-22,0105,T,87,6.0NRT,304.1,290.8,D
-15.707,127.962,328.1,4.6,2,2018-09-22,0105,T,67,6.0NRT,303,142.2,D
-16.202,130.452,359.7,2.9,1.6,2018-09-22,0105,T,99,6.0NRT,307.8,352.5,D
-15.725,127.959,323.5,4.6,2,2018-09-22,0105,T,63,6.0NRT,303.9,99,D
-15.751,127.997,320.6,4.6,2,2018-09-22,0105,T,20,6.0NRT,303.5,65.1,D
-16.276,130.688,324.3,2.8,1.6,2018-09-22,0105,T,37,6.0NRT,308.8,36.9,D
-16.291,130.685,326,2.8,1.6,2018-09-22,0105,T,56,6.0NRT,307,46.7,D
-15.818,128.151,325.6,4.4,1.9,2018-09-22,0105,T,48,6.0NRT,306.3,97.1,D
-15.836,128.15,330,4.4,1.9,2018-09-22,0105,T,71,6.0NRT,306.1,134,D
-16.295,130.548,324.3,2.9,1.6,2018-09-22,0105,T,18,6.0NRT,306.5,44,D
-16.305,130.601,326.2,2.9,1.6,2018-09-22,0105,T,43,6.0NRT,307.6,47.6,D
-16.314,130.571,328,2.9,1.6,2018-09-22,0105,T,48,6.0NRT,306,61.8,D
-17.583,138.194,347.9,1,1,2018-09-22,0105,T,92,6.0NRT,314.9,40.3,D
-17.617,138.294,408.2,1,1,2018-09-22,0105,T,100,6.0NRT,324.1,286.9,D
-17.618,138.303,435.4,1,1,2018-09-22,0105,T,100,6.0NRT,339.7,519.2,D
-17.619,138.313,396.9,1,1,2018-09-22,0105,T,100,6.0NRT,329.7,213.6,D
-17.621,138.322,336.2,1,1,2018-09-22,0105,T,74,6.0NRT,318,15.1,D
-17.626,138.296,412.1,1,1,2018-09-22,0105,T,100,6.0NRT,314.8,318.7,D
-17.628,138.306,429.3,1,1,2018-09-22,0105,T,100,6.0NRT,319.9,461.6,D
-17.629,138.315,370.3,1,1,2018-09-22,0105,T,100,6.0NRT,315,99.6,D
-17.631,138.324,332.4,1,1,2018-09-22,0105,T,70,6.0NRT,313.1,13.5,D
-17.635,138.352,334.3,1,1,2018-09-22,0105,T,78,6.0NRT,315.2,13.6,D
-15.837,128.145,329.2,4.4,1.9,2018-09-22,0105,T,33,6.0NRT,305.8,116.5,D
-17.79,138.846,329,1,1,2018-09-22,0105,T,68,6.0NRT,315.9,7.4,D
-15.967,127.978,320.9,4.5,2,2018-09-22,0105,T,55,6.0NRT,305.1,71.2,D
-16.429,128.277,319.9,4.2,1.9,2018-09-22,0105,T,46,6.0NRT,303.4,51,D
-16.446,128.273,319.4,4.2,1.9,2018-09-22,0105,T,31,6.0NRT,304.9,44.7,D
-16.432,128.271,322.3,4.2,1.9,2018-09-22,0105,T,64,6.0NRT,303.6,72.9,D
-17.293,128.464,319.6,3.9,1.8,2018-09-22,0105,T,55,6.0NRT,304.7,54,D
-17.298,128.456,317.5,3.9,1.8,2018-09-22,0105,T,29,6.0NRT,304.5,40.6,D
-20.735,139.469,323.4,1.1,1,2018-09-22,0105,T,45,6.0NRT,310.2,7,D
-20.737,139.48,335.7,1.1,1,2018-09-22,0105,T,81,6.0NRT,312.2,24.2,D
-19.717,129.638,320.2,2.9,1.6,2018-09-22,0105,T,59,6.0NRT,304.2,35.5,D
-19.718,129.631,321.2,2.9,1.6,2018-09-22,0105,T,63,6.0NRT,304,39.4,D
-20.079,129.448,318.9,2.9,1.6,2018-09-22,0105,T,45,6.0NRT,303.1,27.6,D
-20.085,129.475,322.1,2.9,1.6,2018-09-22,0105,T,66,6.0NRT,302.9,42.7,D
-20.079,129.441,320,2.9,1.6,2018-09-22,0105,T,51,6.0NRT,303.1,32.2,D
-20.085,129.468,318.6,2.9,1.6,2018-09-22,0105,T,45,6.0NRT,302.8,27.4,D
-20.09,129.495,319.1,2.9,1.6,2018-09-22,0105,T,34,6.0NRT,302.4,28.3,D
-20.955,133.86,322.9,1.4,1.2,2018-09-22,0105,T,38,6.0NRT,307,11.6,D
-20.984,133.862,328,1.4,1.2,2018-09-22,0105,T,61,6.0NRT,307.7,20.2,D
-20.947,133.526,328.9,1.4,1.2,2018-09-22,0105,T,75,6.0NRT,308.7,24.2,D
-26.194,128.329,321.5,2.5,1.5,2018-09-22,0105,T,71,6.0NRT,300.7,44,D
-26.199,128.354,341.7,2.5,1.5,2018-09-22,0105,T,90,6.0NRT,303.4,149.8,D
-19.479,-42.535,304.9,1.3,1.1,2018-09-22,0145,T,62,6.0NRT,292.3,8.5,N
-19.481,-42.547,308.8,1.3,1.1,2018-09-22,0145,T,76,6.0NRT,292.1,12.1,N
-15.926,-42.663,311.5,1.4,1.2,2018-09-22,0145,T,83,6.0NRT,285.5,19.2,N
-17.159,-51.795,301.5,1.8,1.3,2018-09-22,0145,T,42,6.0NRT,290,9.9,N
-16.528,-52.764,302.1,2.1,1.4,2018-09-22,0145,T,47,6.0NRT,285.7,13,N
-16.527,-52.769,305.8,2.1,1.4,2018-09-22,0145,T,66,6.0NRT,286.1,20.3,N
-15.247,-49.347,302.5,1.2,1.1,2018-09-22,0145,T,15,6.0NRT,285.7,7.7,N
-14.654,-48.138,308.8,1,1,2018-09-22,0145,T,76,6.0NRT,291.3,8.8,N
-14.655,-48.148,312.6,1,1,2018-09-22,0145,T,85,6.0NRT,290.7,11.6,N
-13.585,-42.216,317.1,1.7,1.3,2018-09-22,0145,T,94,6.0NRT,293.2,30.6,N
-13.587,-42.232,304.5,1.6,1.3,2018-09-22,0145,T,60,6.0NRT,293.7,11.1,N
-14.186,-47.157,301.4,1,1,2018-09-22,0145,T,24,6.0NRT,290.4,3.3,N
-14.187,-47.166,324.6,1,1,2018-09-22,0145,T,100,6.0NRT,291.3,21.8,N
-14.188,-47.176,302.4,1,1,2018-09-22,0145,T,38,6.0NRT,290.8,3.7,N
-13.417,-43.306,308.4,1.4,1.2,2018-09-22,0145,T,74,6.0NRT,292.9,12.3,N
-13.411,-43.3,304.3,1.4,1.2,2018-09-22,0145,T,56,6.0NRT,292,7.7,N
-13.646,-49.795,323.8,1.2,1.1,2018-09-22,0145,T,100,6.0NRT,290.5,26.2,N
-13.647,-49.806,314,1.2,1.1,2018-09-22,0145,T,88,6.0NRT,290.8,14.3,N
-12.614,-42.831,313,1.6,1.2,2018-09-22,0145,T,86,6.0NRT,294.9,20.6,N
-13.636,-49.796,335.1,1.2,1.1,2018-09-22,0145,T,100,6.0NRT,290.6,44.7,N
-13.638,-49.807,343.5,1.2,1.1,2018-09-22,0145,T,100,6.0NRT,291.3,62.8,N
-13.639,-49.818,303.6,1.2,1.1,2018-09-22,0145,T,56,6.0NRT,290.4,5.5,N
-12.967,-45.196,304.9,1.1,1.1,2018-09-22,0145,T,20,6.0NRT,292,7.1,N
-12.96,-45.182,307.1,1.1,1.1,2018-09-22,0145,T,70,6.0NRT,292.3,9.2,N
-12.962,-45.192,306.5,1.1,1.1,2018-09-22,0145,T,68,6.0NRT,292.3,8.9,N
-13.356,-48.318,303.4,1,1,2018-09-22,0145,T,55,6.0NRT,292.6,3.6,N
-13.357,-48.328,308.1,1,1,2018-09-22,0145,T,74,6.0NRT,292.7,6.6,N
-13.147,-46.904,307,1,1,2018-09-22,0145,T,58,6.0NRT,296.5,5,N
-13.346,-48.32,304.2,1,1,2018-09-22,0145,T,28,6.0NRT,292.7,3.8,N
-13.348,-48.329,310.7,1,1,2018-09-22,0145,T,81,6.0NRT,293,8.2,N
-13.125,-46.879,308.9,1,1,2018-09-22,0145,T,8,6.0NRT,295.2,5.2,N
-13.127,-46.888,311.5,1,1,2018-09-22,0145,T,41,6.0NRT,296,7.1,N
-13.116,-46.877,308,1,1,2018-09-22,0145,T,61,6.0NRT,295.9,5.5,N
-12.863,-46.465,312.9,1,1,2018-09-22,0145,T,86,6.0NRT,296.6,10.1,N
-12.864,-46.474,306.9,1,1,2018-09-22,0145,T,70,6.0NRT,296,5.7,N
-12.854,-46.467,314.4,1,1,2018-09-22,0145,T,89,6.0NRT,296,11,N
-12.115,-44.19,307.5,1.3,1.1,2018-09-22,0145,T,72,6.0NRT,292.1,10.5,N
-12.628,-49.111,307,1.1,1,2018-09-22,0145,T,70,6.0NRT,294.9,6,N
-12.372,-47.981,305.1,1,1,2018-09-22,0145,T,63,6.0NRT,292.6,5.3,N
-12.245,-47.8,309.3,1,1,2018-09-22,0145,T,12,6.0NRT,295.1,6,N
-12.234,-47.789,314.2,1,1,2018-09-22,0145,T,88,6.0NRT,294.2,10.4,N
-12.235,-47.798,323.2,1,1,2018-09-22,0145,T,100,6.0NRT,296.1,18.6,N
-12.239,-47.825,307.7,1,1,2018-09-22,0145,T,51,6.0NRT,295.2,5.6,N
-12.059,-46.692,309.8,1,1,2018-09-22,0145,T,78,6.0NRT,292.9,8.9,N
-11.969,-46.834,310.2,1,1,2018-09-22,0145,T,79,6.0NRT,292.8,9.2,N
-11.96,-46.836,313,1,1,2018-09-22,0145,T,86,6.0NRT,292.9,11.4,N
-11.469,-44.178,311.2,1.3,1.1,2018-09-22,0145,T,76,6.0NRT,296.1,12.1,N
-11.482,-44.261,320.2,1.3,1.1,2018-09-22,0145,T,100,6.0NRT,295.9,24.2,N
-11.47,-44.251,309.7,1.3,1.1,2018-09-22,0145,T,76,6.0NRT,295,11.5,N
-11.472,-44.263,309.3,1.3,1.1,2018-09-22,0145,T,77,6.0NRT,293.5,11.6,N
-12.615,-52.475,301.5,1.7,1.3,2018-09-22,0145,T,41,6.0NRT,273,13.7,N
-12.603,-52.476,317.4,1.7,1.3,2018-09-22,0145,T,95,6.0NRT,271.1,37,N
-11.498,-45.575,332.9,1.1,1.1,2018-09-22,0145,T,100,6.0NRT,291.8,39,N
-11.5,-45.585,304.6,1.1,1,2018-09-22,0145,T,61,6.0NRT,291.4,7.8,N
-11.856,-48.038,310.2,1,1,2018-09-22,0145,T,79,6.0NRT,295,7.9,N
-11.847,-48.039,310.8,1,1,2018-09-22,0145,T,80,6.0NRT,295.2,8.4,N
-11.725,-47.311,306.8,1,1,2018-09-22,0145,T,69,6.0NRT,294.8,5.2,N
-11.687,-47.305,313.9,1,1,2018-09-22,0145,T,88,6.0NRT,296.7,10.3,N
-11.876,-49.591,306.6,1.1,1.1,2018-09-22,0145,T,68,6.0NRT,296.5,5.2,N
-11.867,-49.592,350.9,1.1,1.1,2018-09-22,0145,T,100,6.0NRT,297.5,72,N
-11.868,-49.603,323.4,1.1,1.1,2018-09-22,0145,T,100,6.0NRT,296.5,21.6,N
-11.642,-49.011,306.3,1.1,1,2018-09-22,0145,T,67,6.0NRT,293.8,6.6,N
-11.573,-49.037,305.5,1.1,1,2018-09-22,0145,T,65,6.0NRT,294.7,5.3,N
-11.019,-45.451,307.6,1.1,1.1,2018-09-22,0145,T,20,6.0NRT,295.7,7.1,N
-11.021,-45.461,328.8,1.1,1.1,2018-09-22,0145,T,100,6.0NRT,296.2,31.3,N
-11.291,-47.491,306.6,1,1,2018-09-22,0145,T,61,6.0NRT,295.1,5.2,N
-11.255,-47.437,307.5,1,1,2018-09-22,0145,T,50,6.0NRT,294.8,5.8,N
-11.257,-47.446,306.1,1,1,2018-09-22,0145,T,39,6.0NRT,294.7,5,N
-11.245,-47.43,313.8,1,1,2018-09-22,0145,T,61,6.0NRT,295.4,10.4,N
-11.246,-47.439,314.5,1,1,2018-09-22,0145,T,86,6.0NRT,294.8,11,N
-11.621,-51.585,321.7,1.4,1.2,2018-09-22,0145,T,100,6.0NRT,293.8,30.7,N
-11.623,-51.598,318.2,1.4,1.2,2018-09-22,0145,T,96,6.0NRT,293.2,24.6,N
-10.686,-45.01,312,1.2,1.1,2018-09-22,0145,T,84,6.0NRT,295.2,11.9,N
-10.676,-45.012,308.3,1.2,1.1,2018-09-22,0145,T,74,6.0NRT,295.5,8.9,N
-11.459,-51.05,307.1,1.3,1.1,2018-09-22,0145,T,70,6.0NRT,287.5,10.8,N
-11.123,-49.172,307.2,1.1,1,2018-09-22,0145,T,71,6.0NRT,295,6.5,N
-11.061,-49.526,347.3,1.1,1,2018-09-22,0145,T,100,6.0NRT,295.9,62.8,N
-11.062,-49.536,342.1,1.1,1,2018-09-22,0145,T,100,6.0NRT,294.4,51.9,N
-10.317,-44.602,306.2,1.3,1.1,2018-09-22,0145,T,67,6.0NRT,295.6,7.8,N
-10.277,-44.602,312,1.3,1.1,2018-09-22,0145,T,50,6.0NRT,297.1,11.4,N
-10.265,-44.592,315,1.3,1.1,2018-09-22,0145,T,90,6.0NRT,298,14.6,N
-10.751,-47.902,307.8,1,1,2018-09-22,0145,T,73,6.0NRT,296.3,5.7,N
-10.167,-44.02,307.9,1.4,1.2,2018-09-22,0145,T,73,6.0NRT,296.5,11.2,N
-10.009,-43.812,308.7,1.5,1.2,2018-09-22,0145,T,75,6.0NRT,294.6,14.3,N
-10.018,-43.865,308.3,1.5,1.2,2018-09-22,0145,T,59,6.0NRT,296.8,11.4,N
-10.973,-51.074,314.3,1.3,1.1,2018-09-22,0145,T,89,6.0NRT,283.5,19.1,N
-10.975,-51.086,307.6,1.3,1.1,2018-09-22,0145,T,72,6.0NRT,284.1,11.9,N
-11.117,-52.277,308.3,1.6,1.2,2018-09-22,0145,T,74,6.0NRT,291.2,14.7,N
-11.119,-52.292,308.5,1.6,1.2,2018-09-22,0145,T,75,6.0NRT,291.2,15.1,N
-11.361,-54.372,302,2.3,1.5,2018-09-22,0145,T,45,6.0NRT,287.6,13.1,N
-11.045,-52.076,308.4,1.5,1.2,2018-09-22,0145,T,75,6.0NRT,293.1,13.5,N
-10.381,-47.307,322,1,1,2018-09-22,0145,T,100,6.0NRT,296.4,18.7,N
-10.383,-47.316,308.5,1,1,2018-09-22,0145,T,75,6.0NRT,294.7,7.5,N
-10.817,-50.508,307.7,1.2,1.1,2018-09-22,0145,T,72,6.0NRT,291.8,8.3,N
-10.807,-50.51,317,1.2,1.1,2018-09-22,0145,T,94,6.0NRT,292.3,17.4,N
-10.027,-45.113,306.3,1.2,1.1,2018-09-22,0145,T,67,6.0NRT,296,6.7,N
-10.419,-47.957,314.4,1,1,2018-09-22,0145,T,89,6.0NRT,295.4,11.1,N
-10.409,-47.95,323.5,1,1,2018-09-22,0145,T,100,6.0NRT,295.8,19.6,N
-10.41,-47.959,362.1,1,1,2018-09-22,0145,T,100,6.0NRT,297.8,90.5,N
-9.744,-44.021,308.2,1.4,1.2,2018-09-22,0145,T,33,6.0NRT,296.4,10.5,N
-10.632,-50.104,308.6,1.1,1.1,2018-09-22,0145,T,75,6.0NRT,294,8.8,N
-9.74,-44.028,314.5,1.4,1.2,2018-09-22,0145,T,89,6.0NRT,296.8,18.5,N
-9.732,-44.043,309.5,1.4,1.2,2018-09-22,0145,T,78,6.0NRT,294.5,12.7,N
-9.631,-43.747,303.1,1.5,1.2,2018-09-22,0145,T,53,6.0NRT,292.4,9.3,N
-10.193,-47.534,308.9,1,1,2018-09-22,0145,T,76,6.0NRT,295.5,7.3,N
-10.398,-49.057,328.5,1,1,2018-09-22,0145,T,100,6.0NRT,296.4,26.9,N
-10.511,-50.425,305.5,1.2,1.1,2018-09-22,0145,T,60,6.0NRT,294.5,6.1,N
-9.67,-44.651,310.6,1.3,1.1,2018-09-22,0145,T,81,6.0NRT,295.4,12.7,N
-9.411,-43.452,302.2,1.6,1.2,2018-09-22,0145,T,33,6.0NRT,292,8.3,N
-9.593,-44.682,311.1,1.3,1.1,2018-09-22,0145,T,82,6.0NRT,296.8,12.3,N
-9.595,-44.694,307.4,1.3,1.1,2018-09-22,0145,T,67,6.0NRT,296.3,8.2,N
-9.389,-43.456,306.3,1.6,1.2,2018-09-22,0145,T,60,6.0NRT,292.8,12.3,N
-9.58,-44.732,304.9,1.3,1.1,2018-09-22,0145,T,16,6.0NRT,294.1,6.3,N
-9.387,-43.447,303.1,1.6,1.2,2018-09-22,0145,T,26,6.0NRT,292.1,8.6,N
-9.58,-44.726,307.9,1.3,1.1,2018-09-22,0145,T,61,6.0NRT,294.4,9.7,N
-10.14,-48.978,306.9,1,1,2018-09-22,0145,T,69,6.0NRT,294.4,6.4,N
-9.942,-47.901,330.5,1,1,2018-09-22,0145,T,100,6.0NRT,295.3,28.9,N
-10.363,-51.152,311.7,1.3,1.1,2018-09-22,0145,T,83,6.0NRT,294.5,13,N
-10.364,-51.164,306.3,1.3,1.1,2018-09-22,0145,T,67,6.0NRT,294.9,7.3,N
-10.066,-49.043,307.4,1,1,2018-09-22,0145,T,71,6.0NRT,295.5,6.3,N
-10.067,-49.052,319.2,1,1,2018-09-22,0145,T,98,6.0NRT,295.7,16.2,N
-9.483,-45.441,310.4,1.2,1.1,2018-09-22,0145,T,80,6.0NRT,293.5,11.2,N
-9.484,-45.452,303.7,1.2,1.1,2018-09-22,0145,T,53,6.0NRT,291.9,6.1,N
-10.312,-51.624,301.1,1.4,1.2,2018-09-22,0145,T,38,6.0NRT,288,6.2,N
-9.497,-46.291,323.8,1.1,1,2018-09-22,0145,T,88,6.0NRT,295.3,24.6,N
-9.696,-48.437,306.5,1,1,2018-09-22,0145,T,68,6.0NRT,295.5,5.7,N
-9.698,-48.446,306.4,1,1,2018-09-22,0145,T,68,6.0NRT,295.3,5.7,N
-9.015,-43.93,307.1,1.5,1.2,2018-09-22,0145,T,70,6.0NRT,296,10,N
-8.778,-43.82,308.4,1.5,1.2,2018-09-22,0145,T,67,6.0NRT,296.3,10.8,N
-8.76,-43.85,315,1.5,1.2,2018-09-22,0145,T,90,6.0NRT,297.2,19.6,N
-8.762,-43.864,323.1,1.5,1.2,2018-09-22,0145,T,100,6.0NRT,297.6,33.7,N
-9.223,-47.634,312.4,1,1,2018-09-22,0145,T,85,6.0NRT,296.1,10,N
-9.225,-47.643,322.2,1,1,2018-09-22,0145,T,100,6.0NRT,296.6,18.7,N
-8.621,-43.906,317.8,1.5,1.2,2018-09-22,0145,T,96,6.0NRT,297.3,23.1,N
-8.623,-43.92,307.8,1.5,1.2,2018-09-22,0145,T,34,6.0NRT,296.4,10,N
-8.615,-43.886,309.6,1.5,1.2,2018-09-22,0145,T,78,6.0NRT,296.3,12.5,N
-8.617,-43.899,309.9,1.5,1.2,2018-09-22,0145,T,79,6.0NRT,296.8,12.7,N
-8.62,-43.913,320.9,1.5,1.2,2018-09-22,0145,T,100,6.0NRT,297.5,29.5,N
-8.664,-44.207,306.9,1.4,1.2,2018-09-22,0145,T,64,6.0NRT,296.6,8.7,N
-9.372,-49.268,310.5,1,1,2018-09-22,0145,T,79,6.0NRT,295,8.9,N
-9.373,-49.278,315.2,1,1,2018-09-22,0145,T,91,6.0NRT,295.8,13,N
-9.292,-48.769,312.5,1,1,2018-09-22,0145,T,85,6.0NRT,297.1,9.5,N
-9.294,-48.778,391.1,1,1,2018-09-22,0145,T,100,6.0NRT,304.4,206.1,N
-9.295,-48.787,327,1,1,2018-09-22,0145,T,100,6.0NRT,296.8,23.7,N
-9.283,-48.77,319.7,1,1,2018-09-22,0145,T,99,6.0NRT,296.8,15.7,N
-9.285,-48.779,380.3,1,1,2018-09-22,0145,T,100,6.0NRT,303.2,155.9,N
-9.286,-48.789,357.2,1,1,2018-09-22,0145,T,100,6.0NRT,299.4,78.9,N
-9.254,-48.626,307,1,1,2018-09-22,0145,T,69,6.0NRT,295,6,N
-9.02,-47.062,308.2,1,1,2018-09-22,0145,T,74,6.0NRT,295.9,6.5,N
-9.169,-48.157,308,1,1,2018-09-22,0145,T,50,6.0NRT,294.8,6.6,N
-9.171,-48.166,316.9,1,1,2018-09-22,0145,T,94,6.0NRT,295.4,13.1,N
-9.161,-48.164,334.4,1,1,2018-09-22,0145,T,100,6.0NRT,296.2,33.1,N
-9.162,-48.173,355.1,1,1,2018-09-22,0145,T,100,6.0NRT,299.3,71.8,N
-9.163,-48.182,351.8,1,1,2018-09-22,0145,T,100,6.0NRT,299.2,64.3,N
-9.153,-48.174,306.7,1,1,2018-09-22,0145,T,69,6.0NRT,294.2,6,N
-9.154,-48.183,305.9,1,1,2018-09-22,0145,T,66,6.0NRT,294.4,5.3,N
-8.419,-43.649,315.1,1.6,1.2,2018-09-22,0145,T,91,6.0NRT,296.7,20.5,N
-8.421,-43.663,311.8,1.6,1.2,2018-09-22,0145,T,83,6.0NRT,296.5,14.9,N
-8.408,-43.651,307,1.6,1.2,2018-09-22,0145,T,25,6.0NRT,296.6,8.6,N
-8.242,-42.964,307.5,1.8,1.3,2018-09-22,0145,T,72,6.0NRT,295.4,15.6,N
-8.231,-42.966,311.1,1.8,1.3,2018-09-22,0145,T,78,6.0NRT,296.2,20.5,N
-8.233,-42.982,324,1.8,1.3,2018-09-22,0145,T,100,6.0NRT,296.9,47.7,N
-8.573,-45.708,311.2,1.2,1.1,2018-09-22,0145,T,82,6.0NRT,295.4,10.6,N
-8.561,-45.7,308.2,1.2,1.1,2018-09-22,0145,T,74,6.0NRT,297.3,7.6,N
-8.563,-45.71,318.1,1.2,1.1,2018-09-22,0145,T,96,6.0NRT,296.2,17.6,N
-9.265,-50.64,314.2,1.2,1.1,2018-09-22,0145,T,88,6.0NRT,295.3,14.6,N
-8.464,-45.189,308.6,1.3,1.1,2018-09-22,0145,T,75,6.0NRT,290.5,12.8,N
-9.333,-51.837,304.5,1.4,1.2,2018-09-22,0145,T,60,6.0NRT,290.2,8.9,N
-9.117,-50.608,310.1,1.2,1.1,2018-09-22,0145,T,79,6.0NRT,295.8,10.2,N
-8.917,-49.508,312.4,1.1,1,2018-09-22,0145,T,84,6.0NRT,296.8,10,N
-8.704,-48.511,317.7,1,1,2018-09-22,0145,T,95,6.0NRT,295.6,14.3,N
-8.706,-48.52,310.9,1,1,2018-09-22,0145,T,81,6.0NRT,293.6,8.7,N
-8.695,-48.512,328.1,1,1,2018-09-22,0145,T,100,6.0NRT,295.3,25.4,N
-8.756,-49.2,306,1,1,2018-09-22,0145,T,65,6.0NRT,295.8,5.4,N
-8.137,-46.929,309.9,1.1,1,2018-09-22,0145,T,65,6.0NRT,294.2,9.9,N
-8.281,-50.221,316.4,1.1,1,2018-09-22,0145,T,93,6.0NRT,295.7,14.8,N
-7.159,-44.666,305.8,1.4,1.2,2018-09-22,0145,T,62,6.0NRT,295.6,8.3,N
-7.408,-46.477,320.6,1.1,1.1,2018-09-22,0145,T,100,6.0NRT,293.9,21.1,N
-7.409,-46.486,313.2,1.1,1.1,2018-09-22,0145,T,87,6.0NRT,293.5,13.5,N
-7.398,-46.478,324.7,1.1,1.1,2018-09-22,0145,T,100,6.0NRT,293.6,26,N
-7.4,-46.488,321.1,1.1,1.1,2018-09-22,0145,T,100,6.0NRT,294.1,21.5,N
-7.328,-46.199,315.6,1.1,1.1,2018-09-22,0145,T,92,6.0NRT,296.2,15.3,N
-7.329,-46.209,316,1.1,1.1,2018-09-22,0145,T,92,6.0NRT,296.4,15.6,N
-7.318,-46.2,311.3,1.1,1.1,2018-09-22,0145,T,82,6.0NRT,296.5,10.8,N
-7.32,-46.21,315.9,1.1,1.1,2018-09-22,0145,T,92,6.0NRT,296.7,15.3,N
-7.314,-46.197,310.6,1.1,1.1,2018-09-22,0145,T,80,6.0NRT,295.8,10.1,N
-7.315,-46.207,313.3,1.1,1.1,2018-09-22,0145,T,87,6.0NRT,296.9,13.1,N
-7.791,-50.186,318.6,1.1,1,2018-09-22,0145,T,97,6.0NRT,294.7,17.4,N
-7.793,-50.196,322,1.1,1,2018-09-22,0145,T,100,6.0NRT,294.4,21.1,N
-7.174,-46.075,308,1.2,1.1,2018-09-22,0145,T,73,6.0NRT,295.1,8.7,N
-7.149,-46.036,309.3,1.2,1.1,2018-09-22,0145,T,77,6.0NRT,296,8.7,N
-7.586,-49.448,302.3,1,1,2018-09-22,0145,T,48,6.0NRT,284.8,4.9,N
-6.786,-44.697,312,1.4,1.2,2018-09-22,0145,T,83,6.0NRT,295.1,16.1,N
-7.403,-48.93,304.1,1,1,2018-09-22,0145,T,59,6.0NRT,284.2,6,N
-7.048,-46.903,308,1.1,1,2018-09-22,0145,T,73,6.0NRT,293.8,8.2,N
-6.587,-44.284,305,1.5,1.2,2018-09-22,0145,T,61,6.0NRT,294.6,8.7,N
-6.418,-43.278,305.6,1.8,1.3,2018-09-22,0145,T,64,6.0NRT,295.5,11.3,N
-6.421,-43.266,309.5,1.8,1.3,2018-09-22,0145,T,77,6.0NRT,295.5,17.3,N
-6.163,-42.591,312.7,2.1,1.4,2018-09-22,0145,T,85,6.0NRT,295,28.5,N
-7.955,-55.437,310.5,2.5,1.5,2018-09-22,0145,T,80,6.0NRT,278.3,41.4,N
-7.958,-55.459,301.8,2.5,1.5,2018-09-22,0145,T,44,6.0NRT,275.8,21.2,N
-7.948,-55.443,310.9,2.5,1.5,2018-09-22,0145,T,81,6.0NRT,277.4,41.3,N
-6.858,-47.754,308,1,1,2018-09-22,0145,T,73,6.0NRT,295,6.6,N
-6.848,-47.755,320.5,1,1,2018-09-22,0145,T,100,6.0NRT,295.5,16.9,N
-6.29,-44.221,307.7,1.6,1.2,2018-09-22,0145,T,72,6.0NRT,294.8,12.6,N
-6.289,-44.227,306,1.6,1.2,2018-09-22,0145,T,11,6.0NRT,294.8,9.6,N
-6.115,-43.143,306,1.9,1.3,2018-09-22,0145,T,62,6.0NRT,293.9,16.9,N
-6.192,-44.185,314.6,1.6,1.2,2018-09-22,0145,T,89,6.0NRT,286.9,24.3,N
-6.19,-44.176,306.5,1.6,1.2,2018-09-22,0145,T,57,6.0NRT,288.6,11.2,N
-6.516,-47.301,304.9,1.1,1,2018-09-22,0145,T,62,6.0NRT,294.8,4.8,N
-5.884,-43.905,308.5,1.7,1.3,2018-09-22,0145,T,13,6.0NRT,295.4,10.9,N
-6.462,-47.818,315.8,1,1,2018-09-22,0145,T,92,6.0NRT,295,12.4,N
-5.889,-44.086,304.6,1.6,1.3,2018-09-22,0145,T,57,6.0NRT,293.9,10.1,N
-6.453,-47.819,303.6,1,1,2018-09-22,0145,T,56,6.0NRT,293.2,3.5,N
-5.89,-44.092,309.2,1.6,1.3,2018-09-22,0145,T,77,6.0NRT,294,17.1,N
-6.174,-46.088,312.3,1.2,1.1,2018-09-22,0145,T,85,6.0NRT,293.1,14.4,N
-6.573,-51.092,300.2,1.2,1.1,2018-09-22,0145,T,21,6.0NRT,281.7,5.6,N
-6.575,-51.103,310.2,1.2,1.1,2018-09-22,0145,T,79,6.0NRT,281.3,13.1,N
-5.5,-44.469,304.5,1.6,1.2,2018-09-22,0145,T,60,6.0NRT,294.1,8.2,N
-5.499,-44.475,308.5,1.6,1.2,2018-09-22,0145,T,75,6.0NRT,294.7,12.7,N
-5.077,-43.8,307.2,1.8,1.3,2018-09-22,0145,T,71,6.0NRT,294,14.8,N
-5.079,-43.816,314.7,1.8,1.3,2018-09-22,0145,T,90,6.0NRT,291.8,27.4,N
-5.428,-46.578,316.6,1.2,1.1,2018-09-22,0145,T,93,6.0NRT,295.7,16.4,N
-5.167,-44.936,307.7,1.5,1.2,2018-09-22,0145,T,71,6.0NRT,295,10.6,N
-5.891,-50.081,309.6,1,1,2018-09-22,0145,T,78,6.0NRT,294.8,8.6,N
-5.569,-48.906,308.7,1,1,2018-09-22,0145,T,75,6.0NRT,295.2,7.4,N
-5.618,-49.836,306.9,1,1,2018-09-22,0145,T,69,6.0NRT,294.3,6.5,N
-5.589,-49.7,308.9,1,1,2018-09-22,0145,T,75,6.0NRT,295,7.5,N
-5.591,-49.709,305.4,1,1,2018-09-22,0145,T,63,6.0NRT,294.7,5.2,N
-5.719,-51.136,313.2,1.1,1.1,2018-09-22,0145,T,87,6.0NRT,293.5,13.5,N
-5,-47.504,307.7,1.1,1,2018-09-22,0145,T,72,6.0NRT,293.9,7.6,N
-4.233,-42.989,311.1,2.1,1.4,2018-09-22,0145,T,81,6.0NRT,292.6,26.2,N
-5.255,-50.999,302.8,1.1,1.1,2018-09-22,0145,T,51,6.0NRT,290.7,5.1,N
-4.661,-47.704,311.4,1.1,1,2018-09-22,0145,T,82,6.0NRT,294.4,10.2,N
-4.445,-47.992,304.7,1,1,2018-09-22,0145,T,61,6.0NRT,294.3,4.9,N
-4.436,-47.994,341.7,1,1,2018-09-22,0145,T,100,6.0NRT,294.7,47.5,N
-4.358,-47.777,307.3,1.1,1,2018-09-22,0145,T,71,6.0NRT,294.2,7.1,N
-4.282,-47.822,308.6,1,1,2018-09-22,0145,T,75,6.0NRT,294.6,8.1,N
-4.298,-49.093,306.1,1,1,2018-09-22,0145,T,66,6.0NRT,295.3,5.3,N
-4.3,-49.102,318.4,1,1,2018-09-22,0145,T,97,6.0NRT,295.5,14.7,N
-4.151,-49.03,312.8,1,1,2018-09-22,0145,T,86,6.0NRT,295.1,10.3,N
-3.927,-47.783,309.1,1.1,1,2018-09-22,0145,T,76,6.0NRT,295.2,8.5,N
-4.238,-50.481,306.6,1,1,2018-09-22,0145,T,68,6.0NRT,294.3,6.8,N
-4.215,-51.037,306.2,1.1,1,2018-09-22,0145,T,67,6.0NRT,294.3,6.6,N
-4.217,-51.047,305.6,1.1,1,2018-09-22,0145,T,64,6.0NRT,294.2,6.1,N
-4.087,-50.844,305.5,1.1,1,2018-09-22,0145,T,64,6.0NRT,294,6.1,N
-4.008,-50.355,305.9,1,1,2018-09-22,0145,T,65,6.0NRT,295.1,6.1,N
-4.009,-50.364,306.6,1,1,2018-09-22,0145,T,68,6.0NRT,295,6.6,N
-3.56,-47.353,325.2,1.1,1,2018-09-22,0145,T,100,6.0NRT,297.1,24.5,N
-3.549,-47.345,363.2,1.1,1,2018-09-22,0145,T,100,6.0NRT,297.4,108.3,N
-3.551,-47.355,414.3,1.1,1,2018-09-22,0145,T,100,6.0NRT,304.2,403.5,N
-3.552,-47.365,312.9,1.1,1,2018-09-22,0145,T,86,6.0NRT,295.4,10.9,N
-3.483,-48.023,327.9,1,1,2018-09-22,0145,T,100,6.0NRT,296.5,26.6,N
-3.484,-48.032,319.1,1,1,2018-09-22,0145,T,98,6.0NRT,295.6,16.6,N
-3.767,-50.28,307.8,1,1,2018-09-22,0145,T,72,6.0NRT,294.6,7,N
-4.007,-52.095,311.3,1.2,1.1,2018-09-22,0145,T,82,6.0NRT,295.4,12.4,N
-3.997,-52.096,313,1.2,1.1,2018-09-22,0145,T,86,6.0NRT,295,14,N
-3.999,-52.107,311.7,1.2,1.1,2018-09-22,0145,T,83,6.0NRT,294.8,12.7,N
-3.955,-51.87,309.5,1.2,1.1,2018-09-22,0145,T,77,6.0NRT,295.2,9.7,N
-3.687,-50.231,315.8,1,1,2018-09-22,0145,T,92,6.0NRT,295.7,13,N
-3.648,-50.215,331.1,1,1,2018-09-22,0145,T,100,6.0NRT,296.1,30.1,N
-3.65,-50.224,307.2,1,1,2018-09-22,0145,T,70,6.0NRT,294.4,6.3,N
-3.593,-50.279,324.3,1,1,2018-09-22,0145,T,100,6.0NRT,295.7,21.5,N
-3.84,-52.058,309.3,1.2,1.1,2018-09-22,0145,T,77,6.0NRT,295.1,10.5,N
-3.841,-52.068,307.6,1.2,1.1,2018-09-22,0145,T,71,6.0NRT,295,9,N
-3.351,-48.835,306,1,1,2018-09-22,0145,T,65,6.0NRT,294.8,5.6,N
-3.352,-48.844,317.5,1,1,2018-09-22,0145,T,95,6.0NRT,295.2,14.3,N
-3.261,-48.534,306.8,1,1,2018-09-22,0145,T,68,6.0NRT,295.5,6,N
-3.251,-48.526,310.5,1,1,2018-09-22,0145,T,79,6.0NRT,295.5,8,N
-3.252,-48.535,313.5,1,1,2018-09-22,0145,T,87,6.0NRT,295.4,10.4,N
-3.44,-50.435,304.6,1,1,2018-09-22,0145,T,60,6.0NRT,293.8,4.8,N
-3.21,-49.078,319.7,1,1,2018-09-22,0145,T,99,6.0NRT,294.8,16,N
-3.212,-49.087,336.1,1,1,2018-09-22,0145,T,100,6.0NRT,295.7,35.7,N
-3.213,-49.096,352.7,1,1,2018-09-22,0145,T,100,6.0NRT,296.3,66.9,N
-3.204,-49.097,328.1,1,1,2018-09-22,0145,T,100,6.0NRT,294.8,25.4,N
-3.616,-52.508,306.1,1.3,1.1,2018-09-22,0145,T,66,6.0NRT,294.3,7.9,N
-3.235,-50.159,308.1,1,1,2018-09-22,0145,T,73,6.0NRT,294.5,6.8,N
-3.716,-53.756,305.7,1.6,1.2,2018-09-22,0145,T,64,6.0NRT,293.8,10.3,N
-2.793,-47.439,307,1.1,1.1,2018-09-22,0145,T,68,6.0NRT,295.4,6.6,N
-2.794,-47.449,333,1.1,1.1,2018-09-22,0145,T,100,6.0NRT,296.7,36.6,N
-2.957,-48.658,308.4,1,1,2018-09-22,0145,T,74,6.0NRT,294.5,6.8,N
-3.799,-54.683,305.8,1.9,1.3,2018-09-22,0145,T,65,6.0NRT,293,13,N
-2.66,-47.291,307.2,1.1,1.1,2018-09-22,0145,T,70,6.0NRT,295.4,7,N
-3.119,-51.427,317.7,1.1,1.1,2018-09-22,0145,T,95,6.0NRT,294.2,16.3,N
-3.121,-51.437,308.8,1.1,1.1,2018-09-22,0145,T,75,6.0NRT,293.6,8,N
-20.246,-40.251,306.6,1.7,1.3,2018-09-22,0140,T,69,6.0NRT,288.3,14.6,N
-20.552,-43.762,300.7,1.1,1,2018-09-22,0140,T,32,6.0NRT,279.8,7.2,N
-20.553,-43.772,320.7,1.1,1,2018-09-22,0140,T,100,6.0NRT,280.2,23.4,N
-33.933,137.775,310.6,1.2,1.1,2018-09-22,0110,T,35,6.0NRT,300.4,5.2,D
-36.147,143.625,310.8,2.9,1.6,2018-09-22,0110,T,65,6.0NRT,298.5,28,D
-36.149,143.658,310.4,2.9,1.6,2018-09-22,0110,T,64,6.0NRT,297.2,26.4,D
-36.149,143.651,313.4,2.9,1.6,2018-09-22,0110,T,70,6.0NRT,297.7,36.5,D
-2.44,-48.258,306,1,1,2018-09-22,0150,T,66,6.0NRT,294.3,5.7,N
-2.442,-48.267,305,1,1,2018-09-22,0150,T,63,6.0NRT,294,5.1,N
-2.573,-54.685,309.2,1.8,1.3,2018-09-22,0150,T,75,6.0NRT,294.8,16.5,N
-2.561,-54.687,316.4,1.8,1.3,2018-09-22,0150,T,93,6.0NRT,294.6,29.2,N
1.504,-50.86,306.4,1,1,2018-09-22,0150,T,68,6.0NRT,293.4,5.7,N
34.917,127.743,317.6,1.1,1,2018-09-22,0230,T,0,6.0NRT,301,13.5,D
23.713,121.467,317.9,1,1,2018-09-22,0230,T,34,6.0NRT,299.5,6.3,D
32.515,6.714,309.1,1.1,1.1,2018-09-22,0115,A,77,6.0NRT,293.7,11.8,N
32.136,6.47,306.6,1.2,1.1,2018-09-22,0115,A,69,6.0NRT,293.4,9.7,N
31.868,6.17,327.2,1.2,1.1,2018-09-22,0115,A,100,6.0NRT,293.7,32.8,N
28.907,19.772,310.8,4.2,1.9,2018-09-22,0115,A,81,6.0NRT,286.8,99.3,N
28.919,19.772,307.3,4.2,1.9,2018-09-22,0115,A,71,6.0NRT,285.5,80.2,N
28.91,19.813,301.3,4.2,1.9,2018-09-22,0115,A,39,6.0NRT,288.2,50.5,N
31.018,8.167,334.1,1,1,2018-09-22,0115,A,100,6.0NRT,291.3,35.8,N
31.001,8.024,303.4,1,1,2018-09-22,0115,A,55,6.0NRT,292.1,6.3,N
28.736,9.792,305.1,1,1,2018-09-22,0120,A,63,6.0NRT,290.2,8.2,N
28.623,7.715,304.1,1,1,2018-09-22,0120,A,59,6.0NRT,292.1,5.9,N
28.687,7.19,307.3,1,1,2018-09-22,0120,A,71,6.0NRT,292.6,8.6,N
28.685,7.2,320.4,1,1,2018-09-22,0120,A,100,6.0NRT,293.5,19.6,N
28.638,7.54,305.7,1,1,2018-09-22,0120,A,65,6.0NRT,291.6,7,N
28.557,7.52,301.9,1,1,2018-09-22,0120,A,45,6.0NRT,291.9,4.6,N
26.584,12.219,302.5,1.4,1.2,2018-09-22,0120,A,50,6.0NRT,291.3,9.2,N
-45.854,170.085,320.1,2.8,1.6,2018-09-22,0205,A,80,6.0NRT,290.5,81.1,D
-45.851,170.116,301.9,2.7,1.6,2018-09-22,0205,A,50,6.0NRT,288.7,22,D
-45.853,170.077,316.4,2.8,1.6,2018-09-22,0205,A,77,6.0NRT,290.6,66.3,D
-43.483,171.98,303.6,2,1.4,2018-09-22,0205,A,56,6.0NRT,291.3,15.8,D
-42.945,172.309,330.3,1.9,1.4,2018-09-22,0205,A,87,6.0NRT,291.2,78.1,D
-42.947,172.286,329.9,1.9,1.4,2018-09-22,0205,A,86,6.0NRT,289.4,77.1,D
-42.944,172.304,338.6,1.9,1.4,2018-09-22,0205,A,91,6.0NRT,291.5,109.4,D
-42.945,172.282,321.2,1.9,1.4,2018-09-22,0205,A,81,6.0NRT,288.6,51.7,D
-19.534,169.446,336,1.5,1.2,2018-09-22,0210,A,66,6.0NRT,299.7,61.9,D
-17.677,177.828,320.9,1.5,1.2,2018-09-22,0210,A,59,6.0NRT,300.9,14.9,D
-17.668,177.811,320,1.5,1.2,2018-09-22,0210,A,39,6.0NRT,302.1,13.1,D
-17.546,178.191,318.3,1.6,1.3,2018-09-22,0210,A,39,6.0NRT,302.2,14,D
-17.557,177.654,325.4,1.5,1.2,2018-09-22,0210,A,66,6.0NRT,304,21.6,D
-17.559,177.639,327.2,1.5,1.2,2018-09-22,0210,A,68,6.0NRT,301.1,27.2,D
-17.556,177.648,327.3,1.5,1.2,2018-09-22,0210,A,75,6.0NRT,303.4,24.1,D
-16.589,178.596,311.5,1.8,1.3,2018-09-22,0210,A,27,6.0NRT,298.6,15.6,D
46.73,129.898,304.7,1,1,2018-09-22,0225,T,20,6.0NRT,290.9,4.3,D
46.728,129.911,306,1,1,2018-09-22,0225,T,36,6.0NRT,290.9,5.2,D
44.952,128.377,304.2,1,1,2018-09-22,0225,T,22,6.0NRT,291.2,5.4,D
44.529,129.656,306.7,1,1,2018-09-22,0225,T,64,6.0NRT,289.1,6.5,D
44.474,129.594,305.3,1,1,2018-09-22,0225,T,61,6.0NRT,289.3,6.3,D
44.347,129.453,301.6,1,1,2018-09-22,0225,T,32,6.0NRT,291.1,3.6,D
44.346,129.466,305.4,1,1,2018-09-22,0225,T,0,6.0NRT,291.1,5.7,D
44.106,129.209,301.4,1,1,2018-09-22,0225,T,47,6.0NRT,288.5,4.1,D
41.843,123.754,309.4,1.3,1.1,2018-09-22,0225,T,69,6.0NRT,296.6,9,D
41.399,123.357,303.3,1.3,1.1,2018-09-22,0225,T,44,6.0NRT,291.5,4.8,D
41.516,120.289,315.5,1.9,1.4,2018-09-22,0225,T,72,6.0NRT,296,24,D
41.515,120.311,312.2,1.9,1.3,2018-09-22,0225,T,67,6.0NRT,296.1,17.7,D
41.164,122.991,318.6,1.3,1.1,2018-09-22,0225,T,78,6.0NRT,299.5,16.3,D
41.163,123.007,318.8,1.3,1.1,2018-09-22,0225,T,76,6.0NRT,297.6,17,D
39.867,118.175,308.7,2.5,1.5,2018-09-22,0225,T,62,6.0NRT,298.6,18.3,D
59.889,132.531,304.6,1.1,1,2018-09-22,0220,T,58,6.0NRT,282.4,8.9,D
59.887,132.55,305.2,1.1,1,2018-09-22,0220,T,61,6.0NRT,281.8,9.3,D
59.882,132.541,304.9,1.1,1,2018-09-22,0220,T,60,6.0NRT,282.5,10.1,D
0.354,116.784,325.5,1,1,2018-09-22,0240,T,74,6.0NRT,299.2,13.2,D
0.35,116.811,325.4,1,1,2018-09-22,0240,T,78,6.0NRT,302,13.9,D
0.349,116.82,317.3,1,1,2018-09-22,0240,T,39,6.0NRT,296.9,5.9,D
0.345,116.783,320.7,1,1,2018-09-22,0240,T,64,6.0NRT,298.1,8.3,D
0.322,116.817,325.4,1,1,2018-09-22,0240,T,77,6.0NRT,306,13.4,D
-0.612,123.068,318.9,1.9,1.4,2018-09-22,0240,T,65,6.0NRT,300.3,24,D
0.286,116.811,322.1,1,1,2018-09-22,0240,T,65,6.0NRT,300.6,10.5,D
0.278,116.804,319.3,1,1,2018-09-22,0240,T,69,6.0NRT,300.5,9,D
0.276,116.813,318.6,1,1,2018-09-22,0240,T,58,6.0NRT,299.2,7.5,D
0.249,116.809,358.6,1,1,2018-09-22,0240,T,99,6.0NRT,304.4,73.2,D
0.24,116.808,344.1,1,1,2018-09-22,0240,T,92,6.0NRT,303.4,38.5,D
0.104,116.792,322.8,1,1,2018-09-22,0240,T,39,6.0NRT,304.6,9.7,D
0.086,116.727,319.5,1,1,2018-09-22,0240,T,41,6.0NRT,298,8.2,D
-0.083,117.435,324.4,1,1,2018-09-22,0240,T,70,6.0NRT,299.4,14.4,D
-0.084,117.444,325.5,1,1,2018-09-22,0240,T,73,6.0NRT,297,15.2,D
-0.08,116.607,338.1,1,1,2018-09-22,0240,T,0,6.0NRT,305.2,31.5,D
-0.089,116.606,328.8,1,1,2018-09-22,0240,T,60,6.0NRT,307,17.7,D
-0.986,121.718,321.3,1.5,1.2,2018-09-22,0240,T,54,6.0NRT,302.6,20.3,D
-0.162,116.043,328.3,1.1,1,2018-09-22,0240,T,46,6.0NRT,310.2,17.5,D
-0.198,116.287,320.2,1,1,2018-09-22,0240,T,47,6.0NRT,302.9,10.1,D
-0.188,116.03,325.5,1.1,1,2018-09-22,0240,T,55,6.0NRT,308.2,13.4,D
-1.233,121.678,316.7,1.5,1.2,2018-09-22,0240,T,50,6.0NRT,303.8,14.3,D
-1.204,121.402,309.2,1.5,1.2,2018-09-22,0240,T,0,6.0NRT,295.8,12.2,D
-0.495,116.358,327.8,1,1,2018-09-22,0240,T,80,6.0NRT,304.3,18.2,D
-0.742,117.346,318,1,1,2018-09-22,0240,T,58,6.0NRT,297.9,8.9,D
-0.582,115.708,318.6,1.1,1,2018-09-22,0240,T,68,6.0NRT,300.1,9.6,D
-0.314,112.012,312.3,1.9,1.3,2018-09-22,0240,T,62,6.0NRT,291.8,14.5,D
-1.816,121.568,315.7,1.6,1.2,2018-09-22,0240,T,58,6.0NRT,298.6,14.8,D
-1.942,120.796,313.4,1.4,1.2,2018-09-22,0240,T,62,6.0NRT,296,11.3,D
-2.004,120.882,315.9,1.4,1.2,2018-09-22,0240,T,65,6.0NRT,300.9,11.8,D
-0.476,109.767,309.7,2.8,1.6,2018-09-22,0240,T,41,6.0NRT,287.3,25.4,D
-2.277,121.278,316.3,1.5,1.2,2018-09-22,0240,T,74,6.0NRT,297.5,15.2,D
-2.39,121.818,311.8,1.6,1.3,2018-09-22,0240,T,60,6.0NRT,294.3,10.7,D
-1.602,115.815,314.6,1.1,1,2018-09-22,0240,T,57,6.0NRT,299.3,6.1,D
-2.579,121.38,339.1,1.5,1.2,2018-09-22,0240,T,90,6.0NRT,300.7,67.6,D
-2.323,119.569,314.3,1.2,1.1,2018-09-22,0240,T,58,6.0NRT,297.4,11.2,D
-2.372,119.896,322,1.2,1.1,2018-09-22,0240,T,78,6.0NRT,294.4,22.2,D
-2.373,119.907,312.1,1.2,1.1,2018-09-22,0240,T,53,6.0NRT,294.1,10,D
-2.608,121.413,314.2,1.6,1.2,2018-09-22,0240,T,67,6.0NRT,297.3,12.5,D
-2.4,119.874,314.8,1.2,1.1,2018-09-22,0240,T,68,6.0NRT,293.9,14.9,D
-2.829,122.162,317.9,1.8,1.3,2018-09-22,0240,T,37,6.0NRT,298.2,20.8,D
-2.763,119.91,333.6,1.2,1.1,2018-09-22,0240,T,87,6.0NRT,288.8,43,D
-2.24,114.075,324.6,1.3,1.1,2018-09-22,0240,T,59,6.0NRT,306.7,16.2,D
-2.362,114.741,334.3,1.2,1.1,2018-09-22,0240,T,85,6.0NRT,305.2,32.7,D
-2.363,114.752,321.9,1.2,1.1,2018-09-22,0240,T,72,6.0NRT,301.4,13.4,D
-2.511,115.29,319.8,1.1,1,2018-09-22,0240,T,25,6.0NRT,303.4,7.8,D
-2.537,115.101,319.8,1.1,1,2018-09-22,0240,T,51,6.0NRT,302.3,9.8,D
-3.113,118.941,308.7,1.1,1.1,2018-09-22,0240,T,51,6.0NRT,296.7,5.3,D
-2.519,114.586,325.8,1.2,1.1,2018-09-22,0240,T,65,6.0NRT,301.3,16.7,D
-2.52,114.596,334.7,1.2,1.1,2018-09-22,0240,T,85,6.0NRT,303.5,30.9,D
-2.523,114.589,334.2,1.2,1.1,2018-09-22,0240,T,85,6.0NRT,303.2,29.7,D
-2.524,114.599,324.5,1.2,1.1,2018-09-22,0240,T,64,6.0NRT,303.7,14.4,D
-2.605,115.003,339.2,1.1,1.1,2018-09-22,0240,T,89,6.0NRT,307.6,33.9,D
-2.663,114.944,319.2,1.1,1.1,2018-09-22,0240,T,30,6.0NRT,303.8,8.8,D
-3.305,118.932,312.1,1.1,1.1,2018-09-22,0240,T,55,6.0NRT,297.1,7,D
-2.582,113.356,323.7,1.4,1.2,2018-09-22,0240,T,0,6.0NRT,302.7,18.5,D
-2.584,113.368,320.1,1.4,1.2,2018-09-22,0240,T,31,6.0NRT,302.9,13.8,D
-3.96,122.517,312.6,2,1.4,2018-09-22,0240,T,41,6.0NRT,294,20.8,D
-3.248,116.223,317.3,1,1,2018-09-22,0240,T,20,6.0NRT,301.4,7.3,D
-2.926,113.879,318.2,1.3,1.1,2018-09-22,0240,T,65,6.0NRT,299.7,12.6,D
-2.754,111.159,316.7,2,1.4,2018-09-22,0240,T,64,6.0NRT,296.7,18.6,D
-3.123,113.352,316.7,1.4,1.2,2018-09-22,0240,T,49,6.0NRT,298.7,9.6,D
-3.331,114.736,330.3,1.1,1.1,2018-09-22,0240,T,81,6.0NRT,301.6,20.9,D
-4.362,121.655,313.3,1.7,1.3,2018-09-22,0240,T,54,6.0NRT,292.8,17.2,D
-3.248,113.916,370.7,1.3,1.1,2018-09-22,0240,T,100,6.0NRT,305.5,149.5,D
-3.25,113.927,334.9,1.3,1.1,2018-09-22,0240,T,80,6.0NRT,302.8,32.3,D
-3.248,113.91,341.9,1.3,1.1,2018-09-22,0240,T,90,6.0NRT,300.8,51.2,D
-3.25,113.921,358.6,1.3,1.1,2018-09-22,0240,T,99,6.0NRT,306,100.4,D
-4.371,121.648,313.9,1.7,1.3,2018-09-22,0240,T,41,6.0NRT,289.1,16.9,D
-4.373,121.663,313.3,1.7,1.3,2018-09-22,0240,T,34,6.0NRT,290.8,15.7,D
-4.265,120.135,322.1,1.3,1.1,2018-09-22,0240,T,72,6.0NRT,302.4,9.9,D
-4.518,121.796,314.8,1.8,1.3,2018-09-22,0240,T,56,6.0NRT,291.3,19.1,D
-4.52,121.812,312.6,1.8,1.3,2018-09-22,0240,T,40,6.0NRT,292.6,14.3,D
-4.606,120.026,321.2,1.3,1.1,2018-09-22,0240,T,41,6.0NRT,302,11.9,D
-5.462,119.719,326.9,1.3,1.1,2018-09-22,0240,T,52,6.0NRT,306.8,20.1,D
-6.96,115.908,315.9,1,1,2018-09-22,0240,T,65,6.0NRT,303.1,9.1,D
-6.962,115.917,313.9,1,1,2018-09-22,0240,T,60,6.0NRT,301.5,7.4,D
-8.226,123.629,317.9,2.8,1.6,2018-09-22,0240,T,0,6.0NRT,300.8,40,D
-7.124,114.784,310.8,1,1,2018-09-22,0240,T,43,6.0NRT,299.6,6.3,D
-7.162,114.676,316.5,1.1,1,2018-09-22,0240,T,66,6.0NRT,302.7,11.3,D
-7.17,114.665,310.9,1.1,1,2018-09-22,0240,T,20,6.0NRT,299.2,5.9,D
-8.36,122.304,312.2,2.2,1.4,2018-09-22,0240,T,53,6.0NRT,298.4,24.1,D
-8.876,126.119,310.9,4.5,2,2018-09-22,0240,T,30,6.0NRT,293.8,41.1,D
-7.209,113.898,315,1.1,1.1,2018-09-22,0240,T,63,6.0NRT,302.5,11.4,D
-7.226,113.947,311.1,1.1,1.1,2018-09-22,0240,T,47,6.0NRT,300.6,7.9,D
-8.876,126.112,311.1,4.5,2,2018-09-22,0240,T,31,6.0NRT,293.9,43.1,D
-8.198,119.075,322.2,1.3,1.1,2018-09-22,0240,T,66,6.0NRT,295.4,19.4,D
-8.544,121.624,330.6,2,1.4,2018-09-22,0240,T,63,6.0NRT,296.1,61.5,D
-8.671,121.99,313.4,2.1,1.4,2018-09-22,0240,T,18,6.0NRT,296.8,19.9,D
-8.515,117.219,365.1,1.1,1,2018-09-22,0240,T,100,6.0NRT,303.4,101.7,D
-8.516,117.229,357.8,1.1,1,2018-09-22,0240,T,99,6.0NRT,303.5,79.7,D
-7.87,112.172,319.1,1.4,1.2,2018-09-22,0240,T,60,6.0NRT,289.6,15.2,D
-7.943,112.161,321,1.4,1.2,2018-09-22,0240,T,67,6.0NRT,293.8,13.6,D
-8.327,114.266,319.2,1.1,1,2018-09-22,0240,T,67,6.0NRT,302.4,8.3,D
-7.841,110.323,321.8,1.9,1.3,2018-09-22,0240,T,71,6.0NRT,299.8,23.2,D
-7.846,110.316,318.1,1.9,1.3,2018-09-22,0240,T,62,6.0NRT,299.2,15.3,D
-9.446,119.904,331.6,1.5,1.2,2018-09-22,0240,T,84,6.0NRT,305.9,28.9,D
-9.466,119.972,332.9,1.5,1.2,2018-09-22,0240,T,85,6.0NRT,305,35.7,D
-9.449,119.912,324.3,1.5,1.2,2018-09-22,0240,T,38,6.0NRT,304.8,15.7,D
-9.468,119.966,326.1,1.5,1.2,2018-09-22,0240,T,71,6.0NRT,304.8,20.2,D
-9.47,119.98,324.7,1.5,1.2,2018-09-22,0240,T,67,6.0NRT,304.4,16.7,D
-9.913,120.306,321.4,1.7,1.3,2018-09-22,0240,T,66,6.0NRT,300.5,21.9,D
-9.93,120.349,319.3,1.7,1.3,2018-09-22,0240,T,60,6.0NRT,300.8,18.2,D
-10.824,122.67,310.7,2.6,1.6,2018-09-22,0240,T,42,6.0NRT,297.6,28.1,D
-16.767,122.9,319.4,3.3,1.7,2018-09-22,0240,T,37,6.0NRT,299.1,28.3,D
18.214,121.967,320.8,1,1,2018-09-22,0235,T,61,6.0NRT,304.5,8,D
18.213,121.976,323.7,1,1,2018-09-22,0235,T,76,6.0NRT,303.9,10.7,D
16.934,121.771,318.9,1,1,2018-09-22,0235,T,37,6.0NRT,303.1,7.4,D
16.516,121.181,320.5,1,1,2018-09-22,0235,T,74,6.0NRT,306,8.7,D
16.483,121.151,318.9,1,1,2018-09-22,0235,T,72,6.0NRT,304.6,7.5,D
15.787,120.993,319,1,1,2018-09-22,0235,T,33,6.0NRT,304.4,8.5,D
14.482,120.903,317.2,1,1,2018-09-22,0235,T,34,6.0NRT,300.6,8.2,D
14.136,121.122,321.2,1,1,2018-09-22,0235,T,59,6.0NRT,301.4,10.1,D
14.135,121.131,318.9,1,1,2018-09-22,0235,T,46,6.0NRT,300.8,7.3,D
13.965,121.525,314.9,1,1,2018-09-22,0235,T,64,6.0NRT,298.7,6.4,D
10.476,123.699,311,1.4,1.2,2018-09-22,0235,T,0,6.0NRT,292.8,8.8,D
10.316,123.015,327.3,1.3,1.1,2018-09-22,0235,T,71,6.0NRT,292.7,28.5,D
10.315,123.021,316.8,1.3,1.1,2018-09-22,0235,T,50,6.0NRT,292.1,16,D
6.498,124.85,314.3,2,1.4,2018-09-22,0235,T,49,6.0NRT,294.7,17,D
2.302,117.133,315.3,1,1,2018-09-22,0235,T,65,6.0NRT,297.3,7.5,D
1.978,117.327,316.2,1,1,2018-09-22,0235,T,46,6.0NRT,298.9,5.6,D
1.977,117.336,317.7,1,1,2018-09-22,0235,T,46,6.0NRT,298.2,6.7,D
1.795,117.888,373.6,1,1,2018-09-22,0235,T,100,6.0NRT,298.9,120.8,D
1.004,121.47,318.6,1.4,1.2,2018-09-22,0235,T,73,6.0NRT,300,15.1,D
0.663,123.131,318.3,1.9,1.3,2018-09-22,0235,T,73,6.0NRT,303.3,24.7,D
0.596,122.429,316.7,1.6,1.3,2018-09-22,0235,T,51,6.0NRT,299.4,10.1,D
-33.26,-60.289,300.6,1.9,1.3,2018-09-22,0320,T,31,6.0NRT,287.5,13.1,N
-32.898,-60.488,309.5,1.9,1.3,2018-09-22,0320,T,78,6.0NRT,290.1,25.7,N
-33.416,-66.341,314.8,1,1,2018-09-22,0320,T,90,6.0NRT,294,12.5,N
-33.407,-66.343,305.1,1,1,2018-09-22,0320,T,63,6.0NRT,293.2,5.6,N
-30.128,-68.871,309,1,1,2018-09-22,0320,T,76,6.0NRT,286.2,11.3,N
-30.119,-68.872,314.3,1,1,2018-09-22,0320,T,89,6.0NRT,285,15.1,N
-30.12,-68.882,303.6,1,1,2018-09-22,0320,T,52,6.0NRT,284.6,7.7,N
-27.615,-62.835,316.7,1.7,1.3,2018-09-22,0320,T,94,6.0NRT,295.8,28,N
-27.618,-62.852,312.2,1.7,1.3,2018-09-22,0320,T,84,6.0NRT,295.9,19.5,N
-27.62,-62.84,323,1.7,1.3,2018-09-22,0320,T,100,6.0NRT,296.4,41.3,N
-27.267,-65.185,318.3,1.3,1.1,2018-09-22,0320,T,97,6.0NRT,291.9,24.6,N
-26.243,-61.051,305.8,2.4,1.5,2018-09-22,0320,T,65,6.0NRT,293.9,19.1,N
-26.248,-61.075,355.5,2.4,1.5,2018-09-22,0320,T,100,6.0NRT,295.6,267.2,N
-26.25,-61.055,314,2.4,1.5,2018-09-22,0320,T,88,6.0NRT,294.1,40.9,N
-26.255,-61.079,327.3,2.4,1.5,2018-09-22,0320,T,100,6.0NRT,294.5,87.4,N
-26.236,-61.058,313.8,2.4,1.5,2018-09-22,0320,T,88,6.0NRT,293.9,40.4,N
-26.241,-61.082,331.8,2.4,1.5,2018-09-22,0320,T,100,6.0NRT,294.4,108.3,N
-26.91,-65.194,302.5,1.3,1.1,2018-09-22,0320,T,48,6.0NRT,292.3,7,N
-26.875,-66.176,324.6,1.1,1.1,2018-09-22,0320,T,100,6.0NRT,285.5,31.3,N
-26.526,-64.691,311.2,1.4,1.2,2018-09-22,0320,T,82,6.0NRT,295.5,15.2,N
-26.516,-64.693,314.9,1.4,1.2,2018-09-22,0320,T,90,6.0NRT,295.5,19.9,N
-26.103,-64.112,316.6,1.5,1.2,2018-09-22,0320,T,93,6.0NRT,295.6,25.8,N
-26.105,-64.128,312.7,1.5,1.2,2018-09-22,0320,T,85,6.0NRT,295,20.1,N
-25.587,-64.073,318.8,1.6,1.2,2018-09-22,0320,T,90,6.0NRT,296.7,28.3,N
-25.575,-64.076,326.8,1.6,1.2,2018-09-22,0320,T,100,6.0NRT,297,45.1,N
-25.564,-64.078,318.9,1.6,1.2,2018-09-22,0320,T,95,6.0NRT,294.7,29.1,N
-24.798,-60.643,309.9,2.8,1.6,2018-09-22,0320,T,76,6.0NRT,293.5,32.6,N
-24.803,-60.671,318.3,2.8,1.6,2018-09-22,0320,T,96,6.0NRT,293.7,62.5,N
-24.796,-60.65,317.7,2.8,1.6,2018-09-22,0320,T,95,6.0NRT,293.7,59.9,N
-24.802,-60.678,312.3,2.8,1.6,2018-09-22,0320,T,83,6.0NRT,293.5,39.1,N
-24.563,-60.328,307.1,3,1.6,2018-09-22,0320,T,65,6.0NRT,292.8,25.1,N
-24.548,-60.332,310.5,3,1.6,2018-09-22,0320,T,77,6.0NRT,291.4,36.7,N
-24.533,-60.336,304.5,3,1.6,2018-09-22,0320,T,20,6.0NRT,292.4,18.7,N
-24.549,-60.338,308.8,3,1.6,2018-09-22,0320,T,59,6.0NRT,291.7,30,N
-24.579,-60.859,309.5,2.7,1.6,2018-09-22,0320,T,75,6.0NRT,294.1,27.9,N
-24.585,-60.886,308.1,2.7,1.6,2018-09-22,0320,T,70,6.0NRT,294.1,23.3,N
-24.069,-63.683,311.2,1.8,1.3,2018-09-22,0320,T,82,6.0NRT,294.5,21,N
-24.06,-63.674,312.2,1.8,1.3,2018-09-22,0320,T,84,6.0NRT,294.6,23.5,N
-24.063,-63.691,306.7,1.8,1.3,2018-09-22,0320,T,69,6.0NRT,294,14.6,N
-23.77,-64.251,312.6,1.7,1.3,2018-09-22,0320,T,85,6.0NRT,294.1,21.1,N
-23.773,-64.267,329.6,1.6,1.3,2018-09-22,0320,T,100,6.0NRT,294.7,56.8,N
-23.761,-64.27,312.8,1.6,1.3,2018-09-22,0320,T,86,6.0NRT,293.3,22.1,N
-22.608,-62.115,309.2,2.5,1.5,2018-09-22,0320,T,77,6.0NRT,294.9,26.5,N
-22.4,-61.373,309.1,2.8,1.6,2018-09-22,0320,T,76,6.0NRT,296,32.4,N
-21.768,-61.058,344.2,3.1,1.7,2018-09-22,0320,T,100,6.0NRT,298.6,245.7,N
-21.774,-61.088,328.6,3,1.7,2018-09-22,0320,T,100,6.0NRT,297.2,124.4,N
-21.753,-61.062,320.2,3.1,1.7,2018-09-22,0320,T,100,6.0NRT,297.3,78.3,N
-21.759,-61.091,310.3,3,1.7,2018-09-22,0320,T,78,6.0NRT,296.7,36.5,N
-20.784,-61.449,316.1,3,1.7,2018-09-22,0320,T,92,6.0NRT,294.7,60.4,N
-20.769,-61.452,304.8,3,1.7,2018-09-22,0320,T,46,6.0NRT,294.2,20.4,N
-20.76,-61.484,314.8,3,1.6,2018-09-22,0320,T,90,6.0NRT,293,54.2,N
-20.785,-61.454,313.7,3,1.7,2018-09-22,0320,T,87,6.0NRT,294.5,50.7,N
-20.77,-61.457,306.6,3,1.7,2018-09-22,0320,T,40,6.0NRT,294.2,25.3,N
-20.761,-61.489,311.7,3,1.6,2018-09-22,0320,T,79,6.0NRT,292.6,42.4,N
-20.746,-61.493,307.1,3,1.6,2018-09-22,0320,T,62,6.0NRT,293.1,28,N
-20.264,-59.389,306.6,4.3,1.9,2018-09-22,0320,T,63,6.0NRT,291.6,42.8,N
-20.281,-59.392,304.4,4.3,1.9,2018-09-22,0320,T,52,6.0NRT,291,32,N
-18.017,-61.921,317.9,3.2,1.7,2018-09-22,0320,T,96,6.0NRT,294.6,78.8,N
-18.005,-62.017,306,3.1,1.7,2018-09-22,0320,T,57,6.0NRT,280.5,33.2,N
-18.02,-61.927,314.5,3.2,1.7,2018-09-22,0320,T,73,6.0NRT,294.1,62,N
-18.007,-62.023,303.3,3.1,1.7,2018-09-22,0320,T,55,6.0NRT,281.8,28.5,N
-17.949,-61.88,308,3.2,1.7,2018-09-22,0320,T,69,6.0NRT,293.5,36.3,N
-17.954,-61.91,342.8,3.2,1.7,2018-09-22,0320,T,100,6.0NRT,293.5,256.8,N
-17.873,-61.965,304.7,3.2,1.7,2018-09-22,0320,T,57,6.0NRT,280.2,35,N
-17.776,-61.633,307.1,3.4,1.7,2018-09-22,0320,T,24,6.0NRT,289.9,41.4,N
-17.783,-61.665,338.4,3.4,1.7,2018-09-22,0320,T,100,6.0NRT,289,236.4,N
-17.861,-61.974,301.8,3.2,1.7,2018-09-22,0320,T,15,6.0NRT,276.2,25.1,N
-17.782,-61.639,308,3.4,1.7,2018-09-22,0320,T,71,6.0NRT,288.8,47.2,N
-17.788,-61.67,317.4,3.4,1.7,2018-09-22,0320,T,95,6.0NRT,287.5,88.7,N
-17.766,-61.642,314.9,3.4,1.7,2018-09-22,0320,T,90,6.0NRT,291.5,74.6,N
-17.772,-61.674,326.1,3.4,1.7,2018-09-22,0320,T,100,6.0NRT,291.1,137.1,N
-17.738,-61.746,332.7,3.3,1.7,2018-09-22,0320,T,100,6.0NRT,293.1,181.9,N
-17.384,-60.316,300.8,4.3,1.9,2018-09-22,0320,T,22,6.0NRT,286.1,42.9,N
-17.087,-60.573,315.1,4.2,1.9,2018-09-22,0320,T,91,6.0NRT,289.1,103.7,N
-17.094,-60.612,314.7,4.2,1.9,2018-09-22,0320,T,90,6.0NRT,286.1,98.2,N
-17.084,-60.578,317.4,4.2,1.9,2018-09-22,0320,T,95,6.0NRT,288.8,121.7,N
-17.092,-60.617,309,4.2,1.9,2018-09-22,0320,T,70,6.0NRT,285.4,67.7,N
-16.22,-60.743,307.4,4.3,1.9,2018-09-22,0320,T,71,6.0NRT,273,68.1,N
-16.562,-62.576,305.4,3.1,1.7,2018-09-22,0320,T,17,6.0NRT,287.4,31.3,N
-16.217,-60.749,305,4.3,1.9,2018-09-22,0320,T,63,6.0NRT,271.9,55.5,N
-15.965,-65.35,311,2,1.4,2018-09-22,0320,T,81,6.0NRT,293,24.7,N
-15.962,-65.356,304.5,2,1.4,2018-09-22,0320,T,60,6.0NRT,293.1,12.8,N
-21.398,116.256,325.5,1.3,1.1,2018-09-22,0245,T,49,6.0NRT,312.4,9.4,D
-22.993,122.349,335.8,3.6,1.8,2018-09-22,0245,T,83,6.0NRT,306.9,158.1,D
-22.996,122.384,328.9,3.6,1.8,2018-09-22,0245,T,74,6.0NRT,306.7,104.5,D
-22.988,122.38,320.9,3.6,1.8,2018-09-22,0245,T,44,6.0NRT,306.6,50,D
-23.001,122.343,326.7,3.6,1.8,2018-09-22,0245,T,70,6.0NRT,306.4,81.3,D
-23.004,122.378,331.4,3.6,1.8,2018-09-22,0245,T,78,6.0NRT,306.1,125.1,D
-23.483,114.986,327.5,1.2,1.1,2018-09-22,0245,T,59,6.0NRT,314.4,10.6,D
-23.493,114.984,338.9,1.2,1.1,2018-09-22,0245,T,83,6.0NRT,315,29.4,D
-30.481,115.932,313.3,1.6,1.2,2018-09-22,0245,T,40,6.0NRT,301.8,9.2,D
-30.493,115.931,315.6,1.6,1.2,2018-09-22,0245,T,61,6.0NRT,302.1,13.6,D
-31.984,116.1,307.4,1.7,1.3,2018-09-22,0245,T,48,6.0NRT,295.5,11,D
-31.991,115.938,311.2,1.7,1.3,2018-09-22,0245,T,46,6.0NRT,296.6,5.9,D
-32.067,115.903,310.3,1.7,1.3,2018-09-22,0245,T,44,6.0NRT,297.1,5.5,D
-32.881,116.126,304.7,1.8,1.3,2018-09-22,0245,T,52,6.0NRT,294.5,11.1,D
-5.244,145.389,312.3,1,1,2018-09-22,0355,A,49,6.0NRT,296.8,3.9,D
-5.33,144.253,327.3,1.1,1,2018-09-22,0355,A,83,6.0NRT,300.4,20.7,D
-5.091,144.649,310.9,1,1,2018-09-22,0355,A,43,6.0NRT,294.6,4.1,D
-4.624,143.184,310.1,1.2,1.1,2018-09-22,0355,A,54,6.0NRT,296.2,5.9,D
-4.364,144.909,316.6,1,1,2018-09-22,0355,A,67,6.0NRT,296.3,8.5,D
-4.366,144.9,313.9,1,1,2018-09-22,0355,A,45,6.0NRT,296.5,7,D
-4.348,144.767,328.3,1,1,2018-09-22,0355,A,81,6.0NRT,292.6,23.4,D
-4.309,144.78,315.4,1,1,2018-09-22,0355,A,55,6.0NRT,296.6,6.6,D
-3.686,143.464,311.4,1.1,1.1,2018-09-22,0355,A,54,6.0NRT,293.7,6.4,D
-3.687,143.453,313,1.1,1.1,2018-09-22,0355,A,59,6.0NRT,297,7.6,D
-3.852,141.993,311.9,1.4,1.2,2018-09-22,0355,A,46,6.0NRT,295.3,11.2,D
4.007,-76.274,305.5,1,1,2018-09-22,0330,T,56,6.0NRT,287,8.4,N
-16.525,-71.304,300.7,1,1,2018-09-22,0325,T,23,6.0NRT,275.4,8.2,N
-16.526,-71.314,324,1,1,2018-09-22,0325,T,100,6.0NRT,276.2,26.2,N
-16.516,-71.306,305.9,1,1,2018-09-22,0325,T,66,6.0NRT,273.9,11.6,N
-15.302,-65.25,306.1,2,1.4,2018-09-22,0325,T,67,6.0NRT,293,16.3,N
-15.301,-65.257,313.1,2,1.4,2018-09-22,0325,T,86,6.0NRT,293.1,30.7,N
-13.551,-62.221,303.1,3.8,1.8,2018-09-22,0325,T,53,6.0NRT,292.5,25.3,N
-13.688,-63.616,302.6,2.9,1.6,2018-09-22,0325,T,50,6.0NRT,291.3,18.5,N
-13.693,-63.643,309.5,2.9,1.6,2018-09-22,0325,T,77,6.0NRT,291.5,38.5,N
-12.824,-64.006,318.7,2.8,1.6,2018-09-22,0325,T,97,6.0NRT,291.1,68.1,N
-12.809,-64.008,305.9,2.8,1.6,2018-09-22,0325,T,66,6.0NRT,290.9,24.3,N
-11.533,-65.362,318.7,2.4,1.5,2018-09-22,0325,T,97,6.0NRT,290.4,50.9,N
-11.535,-65.346,304.5,2.4,1.5,2018-09-22,0325,T,32,6.0NRT,289.1,14.9,N
-11.538,-65.367,305.1,2.4,1.5,2018-09-22,0325,T,37,6.0NRT,290.4,16,N
-11.521,-65.348,305.2,2.4,1.5,2018-09-22,0325,T,42,6.0NRT,289.7,16.4,N
-11.525,-65.369,306.8,2.4,1.5,2018-09-22,0325,T,62,6.0NRT,290.9,19.8,N
-10.985,-68.429,302.6,1.4,1.2,2018-09-22,0325,T,50,6.0NRT,288.8,7.3,N
-11.132,-74.697,307.8,1.1,1.1,2018-09-22,0325,T,73,6.0NRT,290.2,9.6,N
-9.425,-68.091,301.7,1.6,1.2,2018-09-22,0325,T,44,6.0NRT,289.2,7,N
-9.425,-68.097,304.3,1.6,1.2,2018-09-22,0325,T,59,6.0NRT,290,9.7,N
-10.345,-74.918,307.9,1.2,1.1,2018-09-22,0325,T,73,6.0NRT,292.6,8.3,N
-10.347,-74.928,315.4,1.2,1.1,2018-09-22,0325,T,91,6.0NRT,292.7,15.3,N
-9.885,-75.148,305.7,1.2,1.1,2018-09-22,0325,T,65,6.0NRT,292.4,7,N
-9.61,-75.049,304.2,1.1,1.1,2018-09-22,0325,T,59,6.0NRT,292.9,5,N
-9.595,-75.11,308.2,1.2,1.1,2018-09-22,0325,T,74,6.0NRT,293.3,8.5,N